,Text,Label
0,Ga giÆ°á»ng sáº¡ch nhÃ¢n viÃªn quÃªn dá»n phÃ²ng ,-1
1,Nv nhiá»‡t tÃ¬nh phÃ²ng sáº¡ch tiá»‡n nghi thuáº­n tiá»‡n di Ä‘á»‹a PhÃ²ng giÃ¡n,1
2,Äi biá»ƒn tiá»‡n Ä‘i PhÃ²ng view biá»ƒn cá»­a sá»• view biá»ƒn bÃ©,1
3,Táº¥t sáº¡ch giÆ°á»ng ngá»§ thoáº£i mÃ¡i KhÃ´ng quáº¡t Ä‘iá»‡n hÃ²a chÃºt báº¥t tiá»‡n ,0
4,GiÆ°á»ng sáº¡ch thoáº£i mÃ¡i thiáº¿t thiáº¿t trang sáºµn lÆ°á»i PhÃ²ng táº¯m chia ko gian khÃ´ Æ°á»›t,1
5,phÃ²ng á»‘c trá»ng giÆ°á»ng thoáº£i mÃ¡i sáº¡ch Chá»— xe hÆ¡i cháº­t chá»i,1
6,KhÄƒn táº¯m cÅ© dÆ¡ Äá»“ toilet Ä‘á»“ KhÃ´ng Ä‘á»“ nguyÃªn seal,-1
7,PhÃ²ng Ä‘áº¹p sáº¡ch biá»ƒn NhÃ¢n viÃªn thÆ°Æ¡ng PhÃ²ng view biá»ƒn Tv cÃ¡p ,1
8,Rá»™ng rÃ£i sáº¡ch CÃ³ chá»— phÃ²ng báº¯t wifi,1
9,khÃ¡ch sáº¡n Ä‘áº¹p trá»ng nhÃ¢n viÃªn vui váº» nhiá»‡t tÃ¬nh giÃ¡ há»£p lÃ½ sáº¡n biá»ƒn ,1
10,KhÃ´ng quáº£ng cÃ¡o booking Äáº·t phÃ²ng suite phÃ²ng náº±m k cá»­a kÃ­nh ban cÃ´ng Book ChÃºng Ä‘á»™ng giÆ°á»ng cáº¡nh giÃ¡ phÃ²ng 1 giÆ°á»ng Ok phÃ²ng muá»—i MÃ¬nh bÃ© 3 phÃ²ng Ä‘Ãªm muá»—i thá»ƒ ngá»§ Toilet báº©n bÃ n trÃ  báº©n lau sáº¡ch váº¿t trÃ  cÃ  phÃª cÅ© Ná»n gáº¡ch rÃ­t lau KhÃ´ng ly uá»‘ng máº·c Ä‘i thang mÃ¡y ks báº£o ly Trong trÃ  cÃ  phÃª bÃ n Theo khen booking Ä‘a ná»™i tháº¥t há» Ráº¥t cÅ© kÄ© PhÃ²ng rá»™ng Ä‘áº¹p giÃ¡ ráº» tá»‡ phong phá»¥c vá»¥ Tá»« check out lá»… tÃ¢n Ä‘i ngá»§ phÃ²ng tiáº¿p LÃ m kÃªu Äiá»‡n thoáº¡i bÃ n gá»i lá»… tÃ¢n VÃ  tá»‡ gáº¡c cÃ´ng táº¯t mÃ¡y láº¡nh táº­n lá»… tÃ¢n Náº¿u giÃ¡ ok ,-1
11,KhÃ¡ch sáº¡n xÃ¢y ná»™i tháº¥t MÃ¬nh book phÃ²ng náº±m táº§ng cá»­a gá»— cháº¯n Wifi Lá»… tÃ¢n nhiá»‡t tÃ¬nh vui váº» hÃ´m phÃ²ng lá»… tÃ¢n tiá»n free cáº£m giÃ¡c rÃ ng phÃ²ng sáº¡ch thÆ¡m NgÃ y Ä‘i KhÃ¡ch sáº¡n cá»­a hÃ ng tiá»‡n lá»£i náº±m biá»ƒn 5 p Ä‘i KhÃ¡ch sáº¡n gá»­i Ä‘á»“ phÃ²ng Cáº£m giÃ¡c PhÃ²ng Ã¢m CÃ´ dá»n phÃ²ng quÃªn khÄƒn free phÃ²ng NhÆ°ng máº¥y lá»… tÃ¢n thÆ°Æ¡ng láº¯m quÃªn máº¥y liá»n NÃ³i giÃ¡ book tiá»‡n nghi chÃª trÃ¡ch ,1
12,KhÃ¡ch sáº¡n biá»ƒn tá»‘i ráº£nh biá»ƒn Tuy hÆ¡i trung tÃ¢m thÃ nh phá»‘ áº£nh hÆ°á»Ÿng Ä‘Æ°á»ng phá»‘ ÄÃ  Náºµng rá»™ng thoÃ¡ng Ä‘i Gáº§n Tiá»‡n lá»£i 24 h Ä‘á»“ HÃ n Ä‘áº¥y mÃ¬ xÃ¬ sá»¥p phim D Bá»n áº¥n tÆ°á»£ng phÃ²ng Sáº¡ch Ä‘áº¹p tiá»‡n nghi Ä‘áº¹p áº£nh ,1
13,KhÃ¡ch sáº¡n biá»ƒn PhÃ²ng á»•n giÃ¡ tiá»n tiá»‡n nghi sáº¡ch mÃ¡y sáº¥y tÃ³c áº¥m Ä‘un sáºµn phÃ²ng wifi nÃ³ng Cáº£ 2 Lá»… tÃ¢n nhiá»‡t tÃ¬nh thÃ¢n thiá»‡n MÃ¡y láº¡nh láº¡nh láº¯m,1
14,Tuyá»‡t vá»i táº¥t Má»™t ká»³ thÃº vá»‹ NhÃ¢n viÃªn thÃ¢n thiá»‡n nhiá»‡t tÃ¬nh PhÃ²ng á»‘c sáº¡ch Gáº§n biá»ƒn 3 phÃºt Ä‘i tÃ´i hÃ i Ráº¥t tiáº¿c thá»ƒ ná»¯a,1
15,MÃ¬nh phÃ²ng 301 601 2 phÃ²ng Ä‘áº§u PhÃ²ng Ä‘áº¹p thoÃ¡ng tiá»‡n NhÃ¢n viÃªn cá»±c kÃ¬ Æ°ng thÃ¢n thiá»‡n Thang mÃ¡y hÆ¡i bÃ© sáº¡n ,1
16,KhÃ¡ch sáº¡n sáº¡ch thoÃ¡ng mÃ¡t biá»ƒn Ä‘i 3 p trung tÃ¢m thÃ nh phá»‘ láº¯m NhÃ¢n viÃªn thÃ¢n thiá»‡n cá»Ÿi hÃ²a Ä‘á»“ng Wifi nÃ³ng láº¡nh KhÃ¡ch sáº¡n An há»™i sáº¡n tuyá»‡t vá»i ghÃ© thÄƒm I Like much Cáº£m Æ¡n sáº¡n ká»³ tuyá»‡t vá»i,1
17,PhÃ²ng sáº¡ch thÆ°Æ¡ng GiÃ¡ ráº» há»£p lÃ½ du lá»‹ch 4 NhÃ¢n viÃªn lá»… tÃ¢n máº·t quáº§y Ä‘Ã´i hÆ¡i khÄƒn tÃ­ ,1
18,phÃ²ng sáº¡ch tiá»‡n nghi lá»… tÃ¢n vui váº» nhiá»‡t tÃ¬nh phÃ²ng Ã¡nh tráº¯ng hÆ¡i tá»‘i,1
19,Lá»… tÃ¢n vui váº» nhiá»‡t tÃ¬nh Vá»‡ sinh phÃ²ng báº©n gÃ³c cáº¡nh bÃ n tÃ³c Toalet mÃ¹i ,-1
20,Vá»‹ trÃ­ áº¡n thuáº­n tuá»‡n Ä‘i tham quan gian phÃ²ng tiá»‡n nghi phá»¥c vá»¥ KhÃ´ng cáº£,1
21,Ná»™i tháº¥t sáº¡ch ÄÃ´ng phÃ²ng hÆ¡i mÃ¹i thuá»‘c táº©y javen hÆ¡i ngáº¡t thá»Ÿ 2 hÃ´m Ä‘á»¡ mÃ¹i,0
22,KhÃ¡ch sáº¡n tháº¯c máº¯c mail chu Ä‘Ã¡o GiÃ¡ há»£p lÃ½ biá»ƒn Cáº£m Æ¡n giÃºp gia Ä‘Ã¬nh ká»³ nghá»‰ trá»n váº¹n ,1
23,CÃ³ thang mÃ¡y Cho thuÃª xe chá»— nghá»‰ PhÃ²ng sáº¡ch PhÃ²ng hÆ¡i hÆ¡i á»“n Ä‘áº±ng sá»­a ÄÃ¨n hÆ¡i tá»‘i ,0
24,GiÆ°á»ng ná»™i tháº¥t bá»‘i trÃ­ sÆ¡n mÃ u phÃ²ng Ä‘áº¹p Thiáº¿t káº¿ gian hÆ¡i nÃ³ng ,1
25,KhÃ´ng gian rá»™ng rÃ£i CÃ´ng suáº¥t hÃ²a CÃ³ muá»—i phÃ²ng ,0
26,PhÃ²ng rá»™ng rÃ£i Gáº§n biá»ƒn ChÆ°a láº¯p quáº¡t Äiá»‡n hÆ¡i tá»‘i ,0
27,PhÃ²ng sáº¡ch tiá»‡n nghi GiÃ¡ Láº§n há»™i an Ä‘Ã¢y,1
28,Vá»‹ trÃ­ biá»ƒn phÃ²ng á»‘c Ä‘áº¹p sáº¡ch PhÃ²ng mÃ¹i thÆ¡m dá»‹u NhÃ¢n viÃªn thÃ¢n thiá»‡n ,1
29,Chiáº¿c giÆ°á»ng Ãªm thá»a mÃ¡i Chá»— xe nhá»,1
30,Tá»« sáº¡n biá»ƒn Phá»¥c vá»¥ sáº¡n CÃ¡c quÃ¡n ngon Äi táº¯m dÃ©p thá»ƒ máº¥t,0
31,Thiáº¿t káº¿ san Ä‘áº¹p thÆ° giÃ£n thoáº£i mÃ¡i,1
32,GiÆ°á»ng Ãªm Gháº¿ sofa Vá»‹ trÃ­ biá»ƒn ChÄƒn Ná»‡m mÃ¹i ko thoáº£i mÃ¡i láº¯m Cá»­a Ä‘Ã³ng,0
33,GiÆ°á»ng thoáº£i mÃ¡i sáº¡ch cá»±c ká»³ tiá»n Gáº§n siÃªu thá»‹ tiá»‡n lá»£i KhÃ¡ sÃ¢n bay,1
34,Vá»‹ trÃ­ sáº¡ch PhÃ²ng nc nÃ³ng kÃ©m,0
35,Vá»‹ trÃ­ sáº¡n biá»ƒn Ä‘i 5 p phÃ²ng sáº¡ch Ä‘áº¹p ,1
36,Má»i á»•n phÃ²ng á»‘c sáº¡ch book 1 phÃ²ng dá»“n 1 phÃ²ng Thay Ä‘á»•i chong chÃ³ng ,0
37,PhÃ²ng rá»™ng rÃ£i thoáº£i mÃ¡i Cáº£nh thoÃ¡ng Ä‘Ã£ng Wifi ,1
38,Chá»— nghá»‰ yÃªn tÄ©nh sáº¡ch tiá»‡n nghi biá»ƒn Lá»… tÃ¢n hÆ¡i hiá»n nÃ³i,1
39,Tuyá»‡t vá»i Ko chÃª PhÃ²ng cá»±c kÃ¬ sáº¡ch Lá»… tÃ¢n vui váº» thÃ¢n thiá»‡n Wifi hÆ¡i yáº¿u1 chÃºt táº­n láº§u 4,1
40,GiÃ¡ há»£p lÃ½ phá»¥c vá»¥ Gáº§n biá»ƒn ÄÃ¡ng Ä‘á»“ng tiá»n ,1
41,Sáº¡ch gá»n gÃ ng HÆ¡i muá»—i cá»­a sá»• Ä‘á»«ng cá»­a Ä‘i hÃ nh lang vÃ´ phÃ²ng dc,0
42,KhÃ¡ch sáº¡n trá»ng nhÃ¢n viÃªn vui váº» nhiá»‡t tÃ¬nh Nháº¥t Ä‘á»‹nh á»§ng há»™ Nothing ,1
43,Gáº§n chá»£ HÃ n cáº§u rá»“ng cáº§u sÃ´ng hÃ n vá»‰ hÃ¨ Ä‘i thoÃ¡ng mÃ¡t rá»™ng rÃ£i thuá»‘c tÃ¢y Ä‘Æ°á»ng 1 chiá»u Uber Grab cáº¥m Ä‘áº­u xe 3 phÃºt cá»­a hÃ ng tiá»‡n lá»£i,0
44,Äáº¿n phÃ²ng trá»‘ng Ä‘c nhÃ¢n viÃªn chá»— nghá»‰ check in phÃ²ng nhÃ¢n viÃªn nhiá»‡t tÃ¬nh phÃ²ng sáº¡ch Xá»©ng sáº¡n happy day Sáº½ ghÃ© ,1
45,M Ä‘i gÄ‘ 3 Ä‘Ãªm phÃ²ng deluxe view sÃ´ng Ä‘áº¹p M áº¥n tÆ°á»£ng lá»… tÃ¢n phá»¥c vá»¥ báº£o vá»‡ ng thÃ¢n thiá»‡n Äi thuáº­n tiá»‡n cáº§u rá»“ng chá»£ hÃ n m 1 phÃ²ng tiÃªu chuáº©n k cá»­a sá»• hÆ¡i bÃ­ Ä‘i tiáº¿t kiá»‡m cáº·p Ä‘Ã´i okie nh tráº» phÃ²ng rá»™ng thoÃ¡ng hÆ¡n,0
46,Vá»‹ trÃ­ sáº¡n sÃ´ng HÃ n náº±m Cáº§u Rá»“ng Cáº§u SÃ´ng HÃ n CÃ³ thá»ƒ sáº¡n lÃ½ tÆ°á»Ÿng PhÃ²ng Ä‘áº¹p sáº¡ch wc rá»™ng tiá»‡n nghi nhÃ¢n viÃªn nhiá»‡t tÃ¬nh thÆ°Æ¡ng CÃ¡c thiáº¿t phÃ²ng kiá»ƒm tra kÄ© sá»­a chá»¯a PhÃ²ng TV Ä‘Ã¨n ngá»§ cháº­p chá»n dÃ¢y lá»ng ,1
47,Ráº¥t khu vá»±c tham quan Cáº§u Rá»“ng chá»£ HÃ n NhÃ¢n viÃªn thÃ¢n thiá»‡n thÆ°Æ¡ng PhÃ²ng tiÃªu chuáº©n ko cá»­a sá»• hÃ nh lang cá»­a sá»• thoÃ¡ng táº§m cáº§u Rá»“ng sÃ´ng HÃ n Ä‘áº¹p MÃ¡y sáº¥y tÃ³c hÆ¡i yáº¿u rÃºt key phÃ²ng ngáº¯t Ä‘iá»‡n tá»§ láº¡nh ko Ä‘c mÃ¡t,1
48,NhÃ¢n viÃªn sáº¡n thÃ¢n thiá»‡n Vá»‹ trÃ­ sáº¡n PhÃ²ng Ã¡nh nhiÃªn hai táº§ng NÃªn phÃ²ng view Ã¡nh nhiÃªn,0
49,CÃ¡c lá»… tÃ¢n báº£o vá»‡ thÃ¢n thiá»‡n trung tÃ¢m tiá»‡n Ä‘i uá»‘ng vui thÃ nh phá»‘ PhÃ²ng sáº¡ch dá»n dáº¹p xuyÃªn sáºµn xe mÃ¡y thuÃª tiá»‡n lá»£i giÃ¡ phÃ²ng ráº» Sáº½ tiáº¿p dá»‹ch vá»¥ dá»‹p trá»Ÿ ÄÃ  Náºµng,1
50,Äá»‹a sáº¡n Ä‘áº¹p view chá»— vui NhÃ¢n viÃªn thÃ¢n thiá»‡n nhiá»‡t tÃ¬nh Äáº·c biá»‡t báº£o vá»‡ cá»±c yÃªu PhÃ²ng hÆ¡i nhiÃªn trÃ­ há»£p lÃ­ Bá»¯a hÃ ng sáº¡n thá»±c Ä‘Æ¡n nghÃ¨o nÃ n cháº¥t mÃ³n Ä‘á»“ tá»§ láº¡nh,0
51,PhÃ²ng sáº¡ch tiá»‡n nghi Vá»‹ trÃ­ tiá»‡n di NhÃ¢n viÃªn thÃ¢n thiá»‡n cÆ°á»i tÆ°Æ¡i sáºµn sÃ ng thÃ´ng thiáº¿t Äáº·c biá»‡t 2 vc checkin free Ä‘i tÃ u má»‡t má»i HÆ¡i tiáº¿c tráº£i nghiá»‡m thÄƒm thÃº nh dá»± Ä‘á»‹nh trá»i mÆ°a NhÆ°ng láº½ lÃ½ ÄN dsach Láº§n dá»‹p C I Happyday ChÃºc bn sá»©c khá»e v vui váº» KhÃ´ng háº³n gÃ³p Trong phÃ²ng set trÃ  v cfe free trang bÃ¬nh Ä‘un sáºµn T2 treo tv tranh treo Ä‘áº§u giÆ°á»ng trÃ´ng há»£p lÃ½ T3 phÃ²ng ko ban cÃ´ng ko view giÃ¡ táº§m 300 350 há»£p lÃ½ ,0
52,Vá»‹ trÃ­ tuyá»‡t vá»i nhÃ¢n viÃªn thÃ¢n thiá»‡n KhÃ¡ch sáº¡n tour tham quan hÆ°á»›ng viÃªn nhiá»‡t tÃ¬nh am Ä‘á»‹a danh tiáº¿ng Anh Sáºµn sÃ ng giá»›i thiá»‡u bÃ¨ ChÃº vá»‡ sinh gáº§m giÆ°á»ng sáº¡ch ,1
53,Nháº­n phÃ²ng pháº­n báº£o vá»‡ nhiá»‡t tÃ¬nh phÃ²ng sáº¡ch NhÃ¢n viÃªn lá»… tÃ¢n chuyÃªn nghiá»‡p trá»« 1 bÃ© ca sáºµn sÃ ng tÆ° váº¥n phÃ²ng tá»‘i,0
54,Vá»‹ trÃ­ tuyá»‡t vá»i thuáº­n tiá»‡n chá»£ HÃ n cáº§u Rá»“ng cáº§u sÃ´ng HÃ n NhÃ¢n viÃªn lá»‹ch nhiá»‡t tÃ¬nh thÃ¢n thiá»‡n áº¤n tÆ°á»£ng niá»m ná»Ÿ chu Ä‘Ã¡o Tiá»‡n nghi KS phong phÃº,0
55,SÃ n táº¯m thiáº¿t káº¿ Ä‘á»™ dá»‘c hÆ¡i cáº¡n trÃ n dÆ¡ KhÃ¡ch sáº¡n thuÃª xe mÃ¡y thá»±c cháº¥t liÃªn káº¿t thuÃª xe mÃ¡y 2 ko thá»‘ng giÃ¡ Tá»›i xe chá»— thuÃª xe Ä‘Ã´i co tiá»n bo tháº³ng thá»«ng LÃªn bÃ¡o nhÃ¢n viÃªn ks nhÃ¢n viÃªn Ä‘á»• thá»«a báº£o vá»‡ giÃ  giÃ¡ ráº» k fáº£i ks Ko chuyÃªn nghiá»‡p chÃºt NhÃ¢n viÃªn ks ok liÃªn káº¿t thuÃª xe chá»£ bÃºa sá»— sÃ ng tiá»n cháº¡c ,-1
56,ChÃºng ká»³ nghá»‰ tuyá»‡t vá»i 3 2 Ä‘Ãªm Happy Day PhÃ²ng á»‘c sáº¡ch phÃ²ng xÃ¢y dá»±ng Ä‘i hoáº¡t Ä‘á»™ng táº§m 4 NhÃ¢n viÃªn lá»… tÃ¢n thÃ¢n thiá»‡n nhiá»‡t tÃ¬nh chá»— uá»‘ng báº£o vá»‡ thÆ°Æ¡ng Sau sáº¡n Ä‘i ÄÃ  Náºµng,1
57,Gia Ä‘Ã¬nh tráº£i ká»³ nghá»‰ 2 Ä‘Ãªm 3 ÄÃ  Náºµng CÃ³ láº½ Ä‘i mÃ¹a giÃ¡ lá»… tÃ¢n sáº¡n giÃ¡ mÃ¹a QuÃ¡ trÃ¬nh lÆ°u trÃº PhÃ²ng á»‘c view sÃ´ng Gia Ä‘Ã¬nh Ä‘i lá»… tÃ¢n giÃºp book tour Ä‘i BÃ  NÃ  thuÃª xe Ä‘i Há»™i An giÃ¡ há»£p lÃ½ CÃ¡c lá»… tÃ¢n báº£o vá»‡ nhiá»‡t tÃ¬nh hÆ°á»›ng chá»— uá»‘ng Cáº£m thoáº£i mÃ¡i sáº¡n nÃ y,1
58,Vá»‹ trÃ­ sáº¡n thuáº­n tiá»‡n Ä‘i phÃ²ng Superior Double phÃ²ng á»‘c sáº¡ch nhÃ¢n viÃªn dá»n phÃ²ng háº±ng lá»… tÃ¢n báº£o vá»‡ thÃ¢n thiá»‡n giÃ¡ há»£p lÃ½ trá»Ÿ ks Ä‘i ÄÃ  Náºµng,1
59,Tá»« sáº¡n cáº§u Rá»“ng NhÃ¢n viÃªn lá»… tÃ¢n sáº¡n nhiá»‡t tÃ¬nh lá»‹ch Chá»‰ táº­n tÃ¬nh giÃºp mua cháº£ Náº¿u dá»‹p ÄÃ  Náºµng Happy Day ,1
60,ChÃºng ÄÃ  Náºµng mÃ¹a sáº¡n kÃ­n phÃ²ng nhiÃªn lá»… tÃ¢n báº£o vá»‡ buá»“ng phÃ²ng phá»¥c vá»¥ niá»m ná»Ÿ thÃ¢n thiá»‡n sáº¡n trung tÃ¢m uá»‘ng thuáº­n tiá»‡n thá»ƒ thuÃª xe mÃ¡y thá»ƒ deal giÃ¡ ChÃºng hÃ i ká»³ nghá»‰ Happy Day tá»›i,1
61,NhÃ¢n viÃªn nhiá»‡t tÃ¬nh phÃ²ng sáº¡ch Ä‘á»‹a Ä‘áº¹p Tuy phÃ²ng tiÃªu chuáº©n cá»­a sá»• rá»™ng rÃ£i bÃ­ bÃ¡ch Sáº½ kÃ¬ nghá»‰ tiáº¿p ,1
62,Vá»‹ trÃ­ Ä‘áº¹p sÃ´ng cáº§u PhÃ²ng view sÃ´ng Ä‘áº¹p TÃ´i máº¿n nhÃ¢n viÃªn thÃ¢n thiá»‡n sáºµn giÃºp Ä‘á»¡ Sáº½ giá»›i thiá»‡u bÃ¨ sáº¡n nÃ y,1
63,PhÃ²ng sáº¡ch CÃ³ thá»ƒ deal giÃ¡ thuÃª xe mÃ¡y nhÃ¢n viÃªn 120 k Ä‚n tá»‡ LÃºc check in nhÃ¢n viÃªn phÃ²ng bao ko NhÃ¢n viÃªn Äáº¿n check out bÃ¡o ko bao tiá»n tiá»n phÃ²ng Khi nhÃ¢n viÃªn phÃ²ng menu gá»i mÃ³n ÄÃ¡ng láº½ nhÃ¢n viÃªn bÃ¡o phÃ²ng ko VÃ  mÃ³n gá»i phá»Ÿ thá»‹t bÃ² hÆ¡i dai ,0
64,Cáº£m Æ¡n sáº¡n happy day MÃ¬n 1 kÃ¬ nghá»‰ tuyá»‡t vá»i sáº¡n PhÃ²ng á»‘c sáº¡ch view ks Ä‘áº¹p nhÃ¢n viÃªn dá»n phÃ²ng hÃ ng nhÃ¢n viÃªn ráº¥t nhiá»‡t tÃ¬nh Cáº£m Æ¡n cháº¯n ÄÃ  Náºµng lá»±a happy day ï¿½ ChÄƒn rÃ¡ch,1
65,Chuyáº¿n cÃ´ng tÃ¡c kÃ©o 3 lá»±a sáº¡n trung tÃ¢m tiá»‡n Ä‘i Bá»¯a ngon miá»‡ng thÆ°á»Ÿng thá»©c coffee laptop 10 h trÆ°a nhÃ¢n viÃªn vui váº» giÃºp Ä‘i mua cháº£ bÃ² quÃ  TÃ´i chuyáº¿n cÃ´ng tÃ¡c Ä‘áº§u 12 ,1
66,KhÃ¡ch sáº¡n Ä‘áº¹p thuáº­n lá»£i Ä‘i tham quan vui uá»‘ng dá»‹ch vá»¥ thuÃª xe mÃ¡y tiá»‡n lá»£i xe cháº¡y PhÃ²ng á»‘c gá»n gÃ ng sáº¡ch mÃ¹i thÆ¡m nháº¹ NhÃ¢n viÃªn thÃ¢n thiá»‡n nhiá»‡t tÃ¬nh tÃ­ch cá»±c chÃ o Ä‘Ã³n báº£o vá»‡ gáº§y gáº§y cao Láº§n láº½ thá»­ tráº£i nghiá»‡m dá»‹ch vá»¥ PhÃ²ng cá»­a phÃ²ng vá»‡ sinh hÆ¡i Ä‘Ã³ng khÄƒn máº·t khÄƒn táº¯m cáº£m giÃ¡c hÆ¡i thÃ´ rÃ¡p NhÃ¢n viÃªn lá»… tÃ¢n nam thÃ¢n thiá»‡n láº¯m ,1
67,Vá»‹ trÃ­ thuáº­n lá»£i Bá»¯a OK há»£p kháº©u vá»‹ gia Ä‘Ã¬nh Ná»™i tháº¥t Ä‘Æ¡n giáº£n gá»n gÃ ng phÃ²ng vá»‡ sinh sáº¡ch NhÃ¢n viÃªn nhiá»‡t tÃ¬nh thÆ°Æ¡ng ,1
68,KhÃ¡ch sáº¡n náº±m Ä‘Æ°á»ng Báº¡ch Äáº±ng Ä‘áº¹p Thuáº­n lá»£i Ä‘i uá»‘ng Bá»¯a kiá»ƒu mÃ³n ok NhÃ¢n viÃªn gá»i taxi NhÃ¬n hÃ i giÃ¡ dá»‹ch vá»¥ Happy Day ,1
69,TÃ´i giá»›i thiá»‡u sáº¡n PhÃ²ng á»‘c sáº¡ch thuáº­n lá»£i nhÃ¢n viÃªn nhiá»‡t tÃ¬nh Bá»¯a ok ThÃ­ch tá»‘i Ä‘i dá»c bá» sÃ´ng HÃ n Sáº½ trá»Ÿ gia Ä‘Ã¬nh dá»‹p hÃ¨ KhÃ´ng cáº£,1
70,Vá»‹ trÃ­ sáº¡n Ä‘áº¹p tiÃªn Ä‘i NhÃ¢n viÃªn thÃ¢n thiá»‡n PhÃ²ng sáº¡ch tiá»‡n nghi Bá»¯a cáº£i thiá»‡n nhiá»u,1
71,Bá»¯a ngon phÃ²ng sáº¡ch Ä‘áº¹p Táº¥t nhÃ¢n viÃªn Báº£o vá»‡ phá»¥c vá»¥ Lá»… tÃ¢n nhiá»‡t tÃ¬nh cá»Ÿi thÃ¢n thiá»‡n Äáº·c biá»‡t quÃ½ áº¥n tÆ°á»£ng ChÃ¡u Nguyá»…n T ThÃºy Háº±ng NV Lá»… tÃ¢n KS Happy day 160 Báº¡ch Äáº±ng ÄÃ  Náºµng chu Ä‘Ã¡o nhiá»‡t tÃ¬nh cá»Ÿi thÃ¢n thiá»‡n Ráº¥t tuyá»‡t vá»i Nháº¥t Ä‘á»‹nh KS Happy day ,1
72,Vá»‹ trÃ­ cáº§u rá»“ng cáº§u sÃ´ng hÃ n tá»‘i Ä‘Æ°á»ng ngáº¯m cáº£nh Ä‘áº¹p chá»£ hÃ n thuáº­n tiá»‡n uá»‘ng nhÃ¢n viÃªn thÃ¢n thiá»‡n nhiá»‡t tÃ¬nh Bá»¯a ko ngon miá»‡ng mÃ³n sáº¡n hÆ¡i nghá»‰ má»n rÃ¡ch sáº¡ch nÃ³ng ,-1
73,NhÃ¢n viÃªn nhiá»‡t tÃ¬nh linh Ä‘á»™ng sá»­ lÃ½ pháº£n há»“i Hai cháº¥t chuyáº¿n nghá»‰ dÆ°á»¡ng,1
74,PhÃ²ng view hÆ°á»›ng sÃ´ng Ä‘áº¹p thuáº­n tiá»‡n Ä‘i dáº¡o sÃ´ng Sáº¡ch thoáº£i mÃ¡i Sáº½ há»™i ,1
75,Äá»‹a thuáº­n tiá»‡n nhan viÃªn than thiá»‡n tiá»‡n nghi,1
76,View sÃ´ng Ä‘áº¹p Trang thiáº¿t KhÄƒn táº¯m báº©n gá»‘i báº©n Äiá»ƒm tÃ¢m Ä‘á»“ng ,-1
77,GiÆ°á»ng thoáº£i mÃ¡i phÃ²ng á»‘c tiá»‡n nghi,1
78,NhÃ¢n viÃªn nhiá»‡t tÃ¬nh thÃ¢n thiá»‡n sáº¡n bá» sÃ´ng HÃ n tiá»‡n lá»£i Ä‘i láº¡i,1
79,Sáº¡ch nhiá»‡t tÃ¬nh thuáº­n lá»£i Äá»“ hÆ¡i lá»±a ,1
80,Vá»‹ trÃ­ Ä‘áº¹p thuáº­n tiá»‡n Ä‘i PhÃ²ng hÆ¡i nhá»,0
81,View sÃ´ng HÃ n Ä‘áº¹p NhÃ¢n viÃªn sáº¡n thÃ¢n thiá»‡n ,1
82,Náº±m bá» sÃ´ng hÃ n thuáº­n tiá»‡n ngáº¯m cáº§u rá»“ng chá»£ HÃ n PhÃ²ng hÆ¡i bÃ© nhiÃªn tiá»‡n nghi ,0
83,NhÃ¢n viÃªn lá»… tÃ¢n báº£o vá»‡ cá»±c kÃ¬ thÃ¢n thiá»‡n thÆ°Æ¡ng Chá»— sáº¡ch thoÃ¡ng mÃ¡t tiá»‡n nghi ,1
84,Vá»‹ trÃ­ sáº¡n cá»±c chá»£ hÃ n ven sÃ´ng phÃ²ng deluxe view sÃ´ng Ä‘áº¹p thoáº£i mÃ¡i WC hÆ¡i nhá»,1
85,Báº£o vá»‡ thÃ¢n thiá»‡n láº¯m Há»i Ä‘Æ°á»ng k buá»“n CÃ²n ok,0
86,NhÃ¢n viÃªn thÆ°Æ¡ng nhiá»‡t tÃ¬nh chÃ³ng PhÃ²ng táº¯m hÆ¡i nhá»,0
87,Gáº§n trung tÃ¢m thuáº­n tiá»‡n Ä‘i dáº¡o chá»¥p hÃ¬nh cáº§u cáº§u Rá»“ng cáº§u xoay Gáº§n chá»— uá»‘ng lá»±a mÃ³n ,1
88,PhÃ²ng sáº¡ch Äá»‹a sáº¡n NhÃ¢n viÃªn chu Ä‘Ã¡o Buá»•i tá»‘i tiáº¿ng Ä‘á»™ng hÆ¡i á»“n ,1
89,Vá»‹ trÃ­ Ä‘áº¹p NhÃ¢n viÃªn nhiá»‡t tÃ¬nh vui váº» thÃ¢n thiá»‡n Ti vi hÃ¬nh áº£nh Ã¢m láº¯m ,0
90,Vá»‹ trÃ­ sáº¡n thuáº­n tiá»‡n PhÃ²ng sáº¡ch NhÃ¢n viÃªn thÆ°Æ¡ng nhiá»‡t tÃ¬nh ,1
91,GiÆ°á»ng ngá»§ Ãªm thoáº£i mÃ¡i phÃ²ng sáº¡ch PhÃ²ng bÃ­ ko cá»­a sá»• giÃ¡ hÆ¡i cao,0
92,Vá»‹ trÃ­ PhÃ²ng nhÃ¢n viÃªn dá»n phÃ²ng háº±ng sáº¡ch Ä‚n ok Sáº½ Happy Day vao dá»‹p hÃ¨,1
93,PhÃ²ng rá»™ng tiá»‡n nghi CÃ¡c mÃ³n hoa Ä‘a dáº¡ng ,0
94,TÃ´i gian tÄ©nh láº·ng lÃ£ng máº¡n ngáº­p náº¯ng giÃ³ biá»ƒn Cháº¥t Ä‘á»‡m mÃ¹i hÃ´i nhÃ¢n viÃªn MÃ¬nh Hanvico chuáº©n láº¯p sáº¡n 5 Kimdan Canon CÃ³ láº½ há»£p Bá»¯a hÆ¡i nghÃ¨o nÃ n ,0
95, KS sÃ¡t biá»ƒn NhÃ¢n viÃªn thÃ¢n thiá»‡n Gáº§n hÃ ng Háº£i sáº£n Cá»­a KS cá»‘ng xáº£ tháº£i biá»ƒn táº¯m SÃ n gá»— cong vÃªng bong trÃ³c Ãp lá»±c yáº¿u ,0
96,KhÃ¡ch sáº¡n trang thiáº¿t sá»Ÿ váº­t cháº¥t Ä‘áº¹p hiá»‡n Ä‘áº¡i Sáº£nh lá»… tÃ¢n rá»™ng thoÃ¡ng ChÃºng 3 phÃ²ng hÆ°á»›ng biá»ƒn trÃ´ng thoÃ¡ng che cháº¯n táº§m DÃ¹ sáº¡n sáº¡n váº­n hÃ nh á»•n nhÃ¢n viÃªn lá»… tÃ¢n tÃ¡c phong chuyÃªn nghiá»‡p nhiá»‡t tÃ¬nh tÆ° váº¥n thÃ´ng ÄÃ  Náºµng Cáº£m Æ¡n HoÃ ng suá»‘t sáº¡n Tuy nhiÃªn sáº¡n 3 phÃ²ng láº§u 10 Ã¢m máº·t Ä‘Æ°á»ng háº§u hÃ ng Ä‘Ã´ng Trung lá»™n xá»™n ChÃºng Ä‘á»£i mÃ³n trá»©ng rÃ¡n quáº£n lÃ½ hÃ ng Ä‘á»©ng thá»ƒ mÃ³n nÃ³ng Báº£ng giÃ¡ giáº·t hÆ¡i nhiÃªn thá»ƒ cháº¥p sáº¡n 4 Há»‡ thá»‘ng wifi á»•n Ä‘á»‹nh Äiá»u tiáº¿c xáº£y phÃ²ng thÃ´ng bÃ¡o hÃ³a Ä‘Æ¡n Ä‘i Ä‘á»£i xuáº¥t hÃ³a Ä‘Æ¡n NhÃ¬n sáº¡n 4 ven biá»ƒn ChÃºng Ä‘á»‹nh Ä‘á»£t cÃ´ng tÃ¡c tiáº¿p ,1
97,Bá»¯a ngon Táº§m Ä‘áº¹p thÃ¡i Ä‘á»™ tÃ¡c phong phá»¥c vá»¥ nv MÃ¬nh vs chá»“ng cÃ£i khoáº£n tiá»n thuÃª phÃ²ng ks nv ko nÃ³,0
98,Äá»Ša sáº¡n táº§m phÃ²ng premium tuyá»‡t xe Ä‘áº¡p Ä‘i dáº¡o bá»¯a Ä‘a dáº¡ng phÃ²ng sáº¡ch táº¯m hiá»‡n Ä‘áº¡i Ä‘áº¹p Ban cÃ´ng phÃ²ng premium nÃ³ng ná»±c mÃ¡t Ä‘áº§u Minibar free máº¥y mÃ³n snack láº·t váº·t cháº³ng bao ngáº¡i toÃ¡n check out Xung quanh sáº¡n quÃ¡n kiá»ƒu dÃ¢n dÃ£ quÃ¡n vá»‰a hÃ¨ ngon táº­n trung tÃ¢m ÄÃªm bÃ£i biá»ƒn karaoke á»“n báº¯t buá»™c phÃ²ng kÃ­n cá»­a thoÃ¡ng giÃ³ ,1
99,Trang thiáº¿t phÃ²ng hiá»‡n Ä‘áº¡i phÃ²ng táº§ng view Ä‘áº¹p biá»ƒn thÃ nh phá»‘ PhÃ²ng táº¯m rá»™ng GiÆ°á»ng rá»™ng thoáº£i mÃ¡i Bá»¯a mÃ³n ngon NhÃ¢n viÃªn phá»¥c vá»¥ tiáº¿p Ä‘Ã³n chu Ä‘Ã¡o cáº©n tháº­n Bá»ƒ bÆ¡i view Ä‘áº¹p PhÃ²ng rá»™ng sá»§a PhÃ²ng gÆ°Æ¡ng Äáº¡i sáº£nh táº§ng 1 Ä‘á»“ng há»“ ,1
100,Cáº£m Æ¡n sáº¡n nay,0
101,Gáº§n biá»ƒn nhÃ¢n viÃªn niá»m ná»Ÿ nhiá»‡t tÃ¬nh phá»¥c vá»¥ chu Ä‘Ã¡o phÃ²ng biá»ƒn Ä‘áº¹p sáº¡n sáº¡ch ,1
102,View biá»ƒn Ä‘áº¹p Bá»ƒ bÆ¡i Ä‘áº¹p Gáº§n biá»ƒn NhÃ¢n viÃªn lá»‹ch NhÃ¢n viÃªn thá»±c ,1
103,Bá»¯a ngon KhÃ¡ch sáº¡n sáº¡ch NhÃ¢n viÃªn báº£o vá»‡ nhiá»‡t tÃ¬nh bá»¥ng cÆ°á»i Láº§n x,1
104,NhÃ¢n viÃªn lá»‹ch phá»¥c vá»¥ chu Ä‘Ã¡o ks sáº¡ch BÃ£i biá»ƒn sáº¡ch láº¯m,0
105,Bá»¯a ngon sáº¡n view phÃ²ng premium tuyá»‡t Ä‘áº¹p nhÃ¢n viÃªn nhiá»‡t tÃ¬nh thÃ¢n thiá»‡n Ráº¥t hÃ i Bá»“n táº¯m nhá»,1
106,PhÃ²ng Family Ä‘áº¹p view biá»ƒn tuyá»‡t vá»i NhÃ¢n viÃªn thÃ¢n thiá»‡n nhiá»‡t tÃ¬nh ,1
107,Hostel náº±m khu Há»“ Nghinh Má»¹ KhÃª bÃ£i biá»ƒn Ä‘á»™ 5 6 phÃºt Ä‘i thuáº­n tiá»‡n PhÃ²ng dáº¡nh sáº¡n nhá»™ng giÆ°á»ng rÃ¨m che tÆ° phÃ²ng 14 cáº£m giÃ¡c thoáº£i mÃ¡i phiá»n Trong phÃ²ng toilettes 2 lavabo hai w c NhÃ  táº¯m táº§ng rá»™ng rÃ£i lá»‘i Ä‘i tháº³ng cá»•ng thuáº­n tiá»‡n Ä‘i táº¯m biá»ƒn Hostel váº» sáº¡ch sá»§a trang thiáº¿t DÆ°á»›i táº§ng báº¿p phá»¥c vá»¥ Ä‘á»“ bao tiá»n phÃ²ng cháº¥t NgoÃ i sáºµn Ä‘á»“ váº·t muá»™n Ä‘Ã³i thá»ƒ tiá»n CÃ¡c chá»§ thÃ¢n thiá»‡n PhÃ²ng hÆ¡i cháº­t PhÃ²ng kÃª 14 rÃ¨m kÃ©o tÆ° nhiÃªn thá»±c cháº­t Náº¿u phÃ²ng thá»ƒ Ä‘i dá»n Ä‘á»“ NgoÃ i cáº£m giÃ¡c giÆ°á»ng kÃ©o rÃ¨m che hÆ¡i bÃ­ hÆ¡i mÃ¹i gá»— cÅ© cÅ© Äá»“ váº·t sáºµn báº¿p giÃ¡ hÆ¡i máº¯c 20 000 VND há»™p má»³ 30 000 VND gÃ³i bÃ¡nh Thá»‰nh thoáº£ng chá»§ Ä‘i kiáº¿m chá»§ hÆ¡i má»‡t MÃ¬nh tÆ°á»Ÿng chá»§ giáº£ sá»­ trung thá»±c cáº§m bá»«a tiá»n chá»§ thiá»‡t ,1
108,Bá»¯a á»•n phá»¥c vá»¥ NhÃ¢n viÃªn helpful Chá»— sáº¡ch tÆ° dorm Sáº£nh chá» trang trÃ­ Ä‘áº¹p máº¯t mÃ¡t NhÃ  táº¯m phÃ²ng vá»‡ sinh sáº¡ch thuáº­n tiá»‡n NhÃ¢n viÃªn hÆ¡i awkward váº» kinh nghiá»‡m Há» helpful láº½ thoáº£i mÃ¡i outgoing Don t be shy guys ,1
109,Do sáº¡n thoáº£i mÃ¡i quyáº¿t Ä‘á»‹nh cÆ° tÃº 1 Ä‘Ãªm á»•n ,1
110,Báº¡n phÃ²ng thÆ°Æ¡ng cá»±c ká»³ Chá»— táº¯m thá»ƒ sáº¡ch chÃºt quÃ¡,0
111,Äá»“ ngon phÃ²ng muá»—i Cafe Ä‘áº­m Ä‘Ã  chÃºt ngon,0
112,NhÃ¢n viÃªn thÃ¢n thiá»‡n gÅ©i cáº£m giÃ¡c thoáº£i mÃ¡i NhÃ  vá»‡ sinh láº¯m mÃ¹i sÃ n vá»‡ sinh chá»— thoÃ¡t báº¥t tiá»‡n MÃ¬nh Ä‘i mÃ¹a mÆ°a Ä‘á»“ láº¡nh láº½o ,0
113,Hostel biá»ƒn Ä‘i táº§m 5 phÃºt TÃ´i phÃ²ng Ä‘Ã´i 1 LÃºc phÃ²ng phÃ²ng rá»™ng rÃ£i sáº¡ch gá»n gÃ ng gian thoÃ¡ng view Ä‘áº¹p ban cÃ´ng cáº£m giÃ¡c Tiá»‡n nghi phÃ²ng ná»™i tháº¥t Ä‘áº¹p há»£p sá»‘ng áº£o Menu bá»¯a phong phÃº mÃ³n lá»±a Ä‘á»“ ngon á» dá»‹ch vá»¥ Ä‘i thuáº­n tiá»‡n Äáº·c biá»‡t nhÃ¢n viÃªn chá»§ thÃ¢n thiá»‡n lá»‹ch cáº£m giÃ¡c thoáº£i mÃ¡i TÃ´i hÃ i chuyáº¿n Ä‘i Sáº½ bÃ¨ Ä‘i ,1
114,NhÃ¢n viÃªn boss nhiá»‡t tÃ¬nh thÃ¢n thiá»‡n CÃ¡c dá»‹ch vá»¥ kÃ¨m hostel ráº» hotel Gáº§n biá»ƒn Ä‘i bÃ£i biá»ƒn xanh tuyá»‡t Ä‘áº¹p giÆ°á»ng náº±m láº¯m Ä‘á»‡m chÄƒn sá»• lÃ´ng hÆ¡i gai thoáº£i mÃ¡i ,1
115,phÃ²ng tiá»‡n nghi MÃ¬nh thuÃª phÃ²ng Ä‘Ã´i tiá»‡n nghi báº¿p lÃ² nÆ°á»›ng tá»§ láº¡nh áº¥m Ä‘un láº­p nhÃ¢n viÃªn thoáº£i mÃ¡i nhiá»‡t tÃ¬nh KhÃ´ng gian báº¿p áº¥m cÃºng 1 thoáº£i mÃ¡i vá»›i dá»‹ch vá»¥ giáº·t Ä‘á»“ khi Ä‘á»“ Ä‘Ã´ CÃ¡c cáº£i thiá»‡n khoáº£n ,1
116,Bá»¯a á»•n phÃ²ng nghá»‰ thoáº£i mÃ¡i NhÃ¢n viÃªn vui váº» nháº¹n Nhiá»‡t tÃ¬nh GiÆ°á»ng chÄƒn ga gá»‘i hÆ¡i báº©n PhÃ²ng táº¯m Ä‘á»ng thoÃ¡t kÃ©m báº¥t tiá»‡n ,0
117,Chá»— nghá»‰ sáº¡ch ráº» vs giÃ¡ tiá»n há»™i káº¿t vs Chá»‰ 1 phÃ²ng vá»‡ sinh,1
118,Lá»… tÃ¢n thÆ°Æ¡ng phÃ²ng yÃªn tÄ©nh sáº¡ch ChÃº chÃ³ thÃ¢n thiá»‡n láº¯m thá»­ sá» ,1
119,gáº§n biá»ƒn Má»¹ KhÃª giÃ¡ ná»™i tháº¥t ko vá»‡ sinh báº¥t tiá»‡n vÃ²i cháº£y yáº¿u,-1
120,GiÆ°á»ng thoáº£i mÃ¡i chá»§ thÃ¢n thiá»‡n MÃ¹i phÃ²ng mÃ¡y láº¡nh ko thoÃ¡ng ,0
121,Bá»¯a ngon tuyá»‡t nhÃ¢n viÃªn thÆ°Æ¡ng trang trÃ­ Ä‘áº¹p ,1
122,Bá»¯a ngon menu phong phÃº Hostel biá»ƒn di thuáº­n tiá»‡n Äiá»u nhÃ¢n viÃªn thÃ¢n thiá»‡n nhiá»‡t tÃ¬nh ,1
123,PhÃ²ng á»‘c bá»‘ trÃ­ Ä‘áº¹p tiá»‡n nghi Ok sáº¡ch giÆ°á»ng náº±m Ãªm ngon miá»‡ng Sáº½ trá»Ÿ ÄÃ  Náºµng chuyáº¿n Ä‘i giÃ¡ tiá»n,1
124,NhÃ¢n viÃªn thÃ¢n thiá»‡n phÃ²ng rá»™ng sáº¡ch khu spa xÃ´ng hÆ¡i kiá»ƒu hÃ n tiá»‡n nghi phá»¥c vá»¥ chu Ä‘Ã¡o Ä‚n ngon hÆ¡i mÃ³n quáº§y buffet hÆ¡i NhÃ¬n giÃ¡ tiá»n sáº¡n giÃ¡ Vá»‹ trÃ­ hÆ¡i biá»ƒn khu uá»‘ng trung tÃ¢m,1
125,PhÃ²ng ngá»§ khu massage sáº¡ch tiá»‡n nghi Ä‘áº¹p Bá»¯a táº¡m mÃ³n khu vá»±c quáº§y buffer NÃªn mÃ³n bá»¯a khu quáº§y buffer rá»™ng rÃ£i ,1
126,Xung quanh sáº¡n hÃ ng hÃ n quá»‘c PhÃ²ng rá»™ng rÃ£i hiá»‡n Ä‘áº¡i giÆ°á»ng rá»™ng Ãªm tivi mÃ n hÃ¬nh rá»™ng kÃªnh HD ChÃºng táº·ng gÃ³i xÃ´ng hÆ¡i kiá»ƒu HÃ n hÃ´m thÃº há»£p 1 váº­n Ä‘á»™ng Bá»¯a phong phÃº NhÃ¢n viÃªn nhÃ£ nháº·n nhiá»‡t tÃ¬nh KhÃ¡ch sáº¡n thÃ nh phá»‘ biá»ƒn di taxi,1
127,bá»¯a ngon Ä‘i 1 giÆ°á»ng thoáº£i mÃ¡i,1
128,PhÃ²ng cá»±c ká»³ sáº¡ch vÃ´ hiá»‡n Ä‘áº¡i tiá»‡n nghi NhÃ¢n viÃªn thÃ¢n thiá»‡n Buffet ngon Má»i mong Ä‘á»£i ,1
129,PhÃ²ng Ä‘áº¹p sáº¡ch nhÃ¢n viÃªn thÃ¢n thiá»‡n tiá»‡n nghi Gá»‘i náº±m ngá»§ hÆ¡i ,1
130,sáº¡ch tÆ°Æ¡ng Ä‘á»‘i thoáº£i mÃ¡i nhÃ¢n viÃªn báº£o vá»‡ nhiá»‡t tÃ¬nh nhÃ¢n viÃªn lá»… tÃ¢n nhiá»‡t tÃ¬nh chu Ä‘Ã¡o ká»¹ dá»‹ch vá»¥ tour du lá»‹ch ,1
131,GiÆ°á»ng thoáº£i mÃ¡i phÃ²ng gia Ä‘Ã¬nh nhÃ¢n viÃªn thÃ¢n thiá»‡n dá»‹ch vá»¥ thuÃª xe mÃ¡y giÃ¡ tiá»‡n nghi ÄÆ°á»ng Ä‘i sáº¡n Ä‘i xe mÃ¡y hÆ¡i ğŸ˜‰ Ä‘i taxi ğŸ¤—,1
132,NhÃ¢n viÃªn báº£o vá»‡ nhiá»‡t tÃ¬nh PhÃ²ng á»•n thoáº£i mÃ¡i MÃ¬nh phÃ²ng KS confirm bÃ¡o thÃ´ng phÃ²ng kiáº¿m sáº¡n Ä‘Ãªm,1
133,Gáº§n biá»ƒn GiÃ¡ phÃ²ng há»£p lÃ½ Lá»… tÃ¢n sáº¡n nhiá»‡t tÃ¬nh tÆ° váº¥n uá»‘ng vui Near beach Cheap price Hotel s reception consult to me about attraction and restaurant location Nothing,1
134,NhÃ¢n viÃªn lá»… tÃ¢n chá»§ sáº¡n 2 báº£o vá»‡ vui váº» thÃ¢n thiá»‡n bá»¥ng dá»‹p KS Thanks phÃ²ng Ä‘Ã´i cá»­a sá»• Ä‘iá»u hÃ²a hÆ¡i nÃ³ng ,0
135,Chá»— thoáº£i mÃ¡i phÃ²ng rá»™ng sáº¡ch biá»ƒn táº¥t nhÃ¢n viÃªn thÆ°Æ¡ng thÃ¢n thiá»‡n Dá»n phÃ²ng Ä‘áº·n sáº¡ch phÃ²ng táº¯m gÆ°Æ¡ng giÆ°á»ng to Ãªm thoáº£i mÃ¡i Tá»« 7 8 h trÆ°a chiá»u tiáº¿ng sá»­a chá»¯a ko phÃ²ng sá»­a chá»¯a xÆ°á»Ÿng gá»— káº¿ Tá»¥i Ä‘i miáº¿t trÆ°a nghá»‰ ngÆ¡i tiáº¿ng ngá»§ Khu vá»±c hÆ¡i biá»ƒn hÆ¡i trung tÃ¢m 1 tÃ­ Ä‘i xe mÃ¡y thoáº£i mÃ¡i ,1
136,KhÃ¡ch sáº¡n sáº¡ch gian 2 biá»ƒn NhÃ¢n viÃªn nháº¹ nhÃ ng máº¿n 2 báº£o vá»‡ gÅ©i P Sáº½ book tiáº¿p dá»‹p giá»›i thiá»‡u quen ,1
137,PhÃ²ng sáº¡ch khuyáº¿n máº¡i giÃ¡ ráº» SÃ¡ng tá»‘i áº§m Ä© KhÃ¡ch sáº¡n cáº¡nh xÃ¢y dá»±ng giÃ¡ phÃ²ng giÃ¡ Lá»… tÃ¢n Ä‘á»©ng lá»‹ch nhiá»‡t tÃ¬nh Lá»… tÃ¢n tráº» ban Ä‘áº§u Ä‘á»“ gá»­i phÃ²ng gá»­i Ä‘á»“ lÃ½ sá»£ nháº§m láº«n Ä‘á»“ phÃ²ng lÃ½ sá»©c vÃ´ lÃ½ ko Ä‘á»“ng gÃ³c sáº£nh mÃ¡y áº£nh lá»… tÃ¢n phÃ²ng gá»­i Ä‘á»“ Vá»‹ trÃ­ xung quanh cá»­a hÃ ng dá»‹ch vá»¥ bÃ¹ xe mÃ¡y thá»ƒ thuÃª sáº¡n,0
138,KhÃ¡ch sáº¡n sáº¡ch nhÃ¢n viÃªn nhiá»‡t tÃ¬nh thÃ¢n thiá»‡n biá»ƒn Pháº¡m VÄƒn Äá»“ng thá»ƒ Ä‘i biá»ƒn wifi giÃ¡ giáº·t ráº» Äiá»ƒm trá»« mÃ¡y sáº¥y tÃ³c phÃ²ng ,1
139,Ná»™i Tháº¥t káº¿t cáº¥u phÃ²ng toÃ n KhÃ¡ch Sáº¡n Æ°ng Sáº¡ch áº¥m cÃºng trá»ng chi tiÃªu DÃ¡ng Háº¡ Hotel sáº¡n 1 KhÃ¡ch Sáº¡n phá»¥c vá»¥ Ä‘á»“ thá»©c uá»‘ng ban Ä‘a nhu cáº§u uá»‘ng hÃ ng sáº¡n chá»§ yáº¿u ban Ä‘Ãªm ,1
140,phÃ²ng á»‘c sáº¡ch tiá»‡n nghi thÃ¡i Ä‘á»™ nhÃ¢n viÃªn niá»m ná»Ÿ taif khoáº£n genious checkin 2 tiáº¿ng láº½ trá»±c lá»… tÃ¢n Sau pháº£n há»“i booking com sáº¡n gá»i Ä‘iá»‡n nháº¯n lá»—i CÃ¡ch xá»­ ok láº½ lá»—i vÃ´ tÃ¬nh trá»±c lá»… tÃ¢n thÃ¡i Ä‘á»™ nhÃ¢n viÃªn ,1
141,CÃ¡c tiáº¿p tÃ¢n báº£o vá»‡ thÆ°Æ¡ng nhiá»‡t tÃ¬nh PhÃ²ng sáº¡ch an ninh HÆ¡i Ä‘Æ°á»ng báº£ng hiá»‡u sáº¡n khuáº¥t che ,0
142,NhÃ¢n viÃªn thÃ¢n thiá»‡n sáº¡n sáº¡ch Xe sáº¡n báº£o dÆ°á»¡ng xuyÃªn Ä‘i an toÃ n,1
143,Sáº¡ch nhÃ¢n viÃªn thÃ¢n thiá»‡n biá»ƒn Xe mÃ¡y thuÃª cháº¥t á»•n Ä‘á»‹nh yÃªn tÄ©nh,0
144,PhÃ²ng sáº¡ch nhÃ¢n viÃªn thÃ¢n thiá»‡n NÃªn mÃ¡y sáº¥y tÃ³c phÃ²ng,0
145,KhÃ¡ch sáº¡n giÃ¡ NhÃ¢n viÃªn thÆ°Æ¡ng Ná»™i tháº¥t cháº¯n Má»—i tá»™i k mÃ¡y sáº¥y sáº¥y tÃ³c táº¯m Gáº§n biá»ƒn Ä‘i xÃ­u nÆ¡i,1
146,BÃ¡c báº£o vá»‡ nhiá»‡t tÃ¬nh thÃ¢n thiá»‡n,0
147,PhÃ²ng rá»™ng rÃ£i sáº¡ch Äá»‹a khu trung tÃ¢m NhÃ¢n viÃªn lá»… tÃ¢n lá»‹ch nhÃ£ nháº·n KhÄƒn táº¯m hÆ¡i cÅ© thÃ´ rÃ¡p ,1
148,BÃ¡c báº£o vá»‡ thÃ¢n thiá»‡n Chá»‹ nhÃ¢n viÃªn vui váº»,0
149,PhÃ²ng á»‘c váº­t dá»¥ng táº¥t nhÃ¢n viÃªn thÆ°Æ¡ng nhiá»‡t tÃ¬nh CÃ´ chá»§ bá»¥ng Tá»‘c Ä‘á»™ internet cháº­m,1
150,Tiá»‡n nghi thoáº£i mÃ¡i nhÃ¢n viÃªn tuyá»‡t gÃ³p 1 chuyáº¿n Ä‘i trá»n váº¹n GiÃ¡ há»£p lÃ½,1
151,thÃ¡i Ä‘á»™ chá»§ KS thÃ¢n thiá»‡n kiá»‡n sáº¡n toÃ n Ä‘i láº¡c thÃ´i,0
152,NhÃ¢n viÃªn nhiá»‡t tÃ¬nh giÃ¡ phÃ²ng sáº¡ch tiá»‡n nghi Xa trung tÃ¢m di tá»‘n kÃ©m,1
153,NhÃ¢n viÃªn thá»ƒ niá»m ná»Ÿ vui váº» giao tiáº¿p hÃ ng hÆ¡n,0
154,Gáº§n biá»ƒn tiá»‡n nghi phÃ²ng sáº¡ch thoÃ¡ng mÃ¡t nhÃ¢n viÃªn nhiá»‡t tÃ¬nh,1
155,PhÃ²ng sáº¡ch Äá»“ má»›i,1
156,KhÃ¡ch sáº¡n phá»¥c vá»¥ chu Ä‘Ã¡o dá»‹ch vá»¥ tiá»‡n nghi á»•n nv nhiá»‡t tÃ¬nh thÃ¢n thiá»‡n,1
157,Vá»‹ trÃ­ thuáº­n lá»£i KhÃ´ng bá»¯a DÃ¹ phÃ²ng Ä‘i thiáº¿t phÃ¢n biá»‡t giÃ¡ phÃ²ng phÃ²ng ráº» phÃ²ng Ä‘áº¯t lá»±a ,0
158,GiÆ°á»ng thoáº£i mÃ¡i phÃ²ng Ä‘áº¹p art sáº¡ch nhÃ¢n viÃªn táº­n tÃ¬nh chu Ä‘Ã¡o vui váº» thuáº­n tiá»‡n di dá»‹ch vá»¥ giáº£i trÃ­ thÆ° giÃ£n á»” Ä‘iá»‡n Wifi ko truy cáº­p Ä‘Æ°á»£c,1
159,NhÃ¡n viÃªn nhiá»‡t tÃ¬nh Vui váº» trÃ¡ch nhiá»‡m thá»©c ok xuáº¥t sáº¯c láº¯m Thá»i tiáº¿t 3 Ä‘áº¹p DN sáº¡n ChÄƒn drap gá»‘i ná»‡m mÃ¹i cháº¥t táº©y rá»­a Ä‘á» nghá»‹ sá»©c khá»e,0
160,KhÃ¡ch sáº¡n trÃ­ thÆ°Æ¡ng nhÃ¢n viÃªn lá»… tÃ¢n thÃ¢n thiá»‡n PhÃ²ng hÆ¡i Ã¢m CÃ³ thá»ƒ tiáº¿ng Ä‘Ã³ng cá»­a to Khi táº¯m thoÃ¡t trÃ n cá»­a táº¯m ,0
161,Ná»™i tháº¥t phÃ²ng á»•n phÃ²ng sáº¡ch giÃ¡ tiá»n CÃ¡c nhÃ¢n viÃªn nhiá»‡t tÃ¬nh tÆ° váº¥n giÃºp Ä‘á»¡ Dá»‹ch vá»¥ thuÃª xe mÃ¡y á»•n giÃ¡ ,1
162,Thiáº¿t káº¿ báº¯t máº¯t thÆ°Æ¡ng NhÃ¢n viÃªn nhiá»‡t tÃ¬nh thÃ¢n thiá»‡n View cá»­a sá»• phÃ²ng hÆ¡i tá»‡ phong 102 Náº¿u sÆ¡n mÃ u trang trÃ­ tuyá»‡t ,0
163,KhÃ´ng quáº£ng cÃ¡o 1 láº§u 2 phÃ²ng sÃ´ng HÃ n view cá»±c ká»³ tá»‡ ghi booking Bá»¯a chÃ¡n Ä‘á»“ ngon ,-1
164,MÃ¬nh quÃªn Ã¡o khoÃ¡c sáº¡n check out nhÃ¢n viÃªn Khi HCM nhÃ¢n vÃ¢n lá»… tÃ¢n gá»i Ä‘á»‹a gá»­i Ã¡o khoÃ¡c KhÃ¡ch sáº¡n áº¥n tÆ°á»£ng chuyÃªn nghiá»‡p MÃ¬nh discount 10 Cháº¯c cháº¯n Art hotel ,1
165, NhÃ¢n viÃªn nhiá»‡t tÃ¬nh Äáº·t phÃ²ng Deluxe view sÃ´ng phÃ²ng tÆ°á»ng dÆ¡ ga tráº£i má»n dÃ­nh dÆ¡ hÃ´m giáº¥y kiu dá»n phÃ²ng thay ga i cÅ© NhÃ¢n viÃªn nam xÃ¡ch hÃ nh lÃ½ Ä‘á»¡ phá»¥ CÃ²n tiáº¿p tÃ¢n láº¯m thá» chuyÃªn nghiá»‡p MÃ¬nh gá»­i hÃ nh lÃ½ phÃ²ng checkin LÃ¡t phÃ²ng phiáº¿u Ä‘á»“ vali DÃ¹ phiáº¿u phÃ²ng kia nháº§m láº«n NhÃ¢n viÃªn cháº±m cháº±m giÃºp ÄÃ£ sÃ n gá»— láº¡ch báº¡ch Dá»Ÿ há»Ÿ lum la KhÃ´ng cáº£m giÃ¡c an toÃ n k dÃ¡m Ä‘i ğŸ˜” ğŸ˜” HÃ¬nh áº£nh chá»¥p MÃ  phÃ²ng dÆ¡ cÅ© Tháº¥t vá»ng tiá»n sáº¡n phÃ²ng k tiá»n Sáº½ ,-1
166,PhÃ²ng Ä‘áº¹p thoÃ¡ng sáº¡ch Trang trÃ­ hÃ i hÃ²a Ä‘áº¹p máº¯t NhÃ¢n viÃªn nhiá»‡t tÃ¬nh chu Ä‘Ã¡o Bá»¯a á»•n Vá»‹ trÃ­ sáº¡n Ä‘áº¹p thá»ƒ Ä‘i thÃ nh phá»‘ biá»ƒn tiá»‡n lá»£i Láº§n ÄN ,1
167,KhÃ¡ch sáº¡n nháº¯n xinh xáº¯n phÃ²ng NhÃ  hÃ ng gian view sÃ´ng HÃ n Ä‘áº¹p cháº¥t bá»¯a NhÃ¢n viÃªn thÆ°Æ¡ng thÃ¢n thiá»‡n VÃ¬ sáº¡n Ä‘á»™i ngÅ© receptionist chuyÃªn nghiá»‡p ,1
168,PhÃ²ng ngá»§ thoáº£i mÃ¡i trang trÃ­ Ä‘áº¹p sáº¡ch d Äá»“ mÃ³n ngon gian Ä‘áº¹p sÃ´ng hÃ n Ã¡nh náº¯ng MÃ¬nh tÃ´ng mÃ u xanh vÃ ng sáº¡n Ä‘Ã  náºµng cháº¯n Art Hotel D,1
169,Bá»¯a ngon mÃ³n PhÃ²ng sáº¡ch Ä‘áº¹p,1
170,NhÃ¢n viÃªn thÃ¢n thiá»‡n phÃ²ng mÃ¡t máº» sáº¡ch Ä‘á»“ thá»©c uá»‘ng ngon thiáº¿t káº¿ cá»±c nghá»‡ thuáº­t gá»i nÃ³,1
171,Sáº¡ch tiá»‡n nghi sáº¡n trang trÃ­ cá»±c thÆ°Æ¡ng ,1
172,GiÆ°á»ng thoáº£i mÃ¡i sáº¡ch phÃ²ng trang trÃ­ thÆ°Æ¡ng,1
173,Ná»™i tháº¥t ok sáº¡ch phong tinh táº¿ ,1
174,Trang thiáº¿t tiá»‡n nghi,0
175,Thiáº¿t káº¿ Ä‘áº¹p sáº¡ch tiá»‡n nghi Bá»¯a ngon phong phÃº,0
176,GiÆ°á»ng thoáº£i mÃ¡i Ná»™i tháº¥t Ä‘áº¹p NhÃ¢n viÃªn nhiá»‡t tÃ¬nh,1
177,Sáº¡ch trang trÃ­ Ä‘áº¹p dá»‹u dÃ ng CÃ³ láº½ phÃ²ng 308 phÃ²ng Ä‘á»•i chá»©c nÄƒng thiáº¿t káº¿ phÃ²ng nghá»‰ Ä‘áº§u ,0
178,Trang trÃ­ Ä‘áº¹p ToilÃ©t há»‡ thá»‘ng thoÃ¡t mÃ¹i,0
179,Ráº¥t nhiá»‡t tÃ¬nh nhÃ¢n viÃªn KhÃ¡ch sáº¡n thoáº£i mÃ¡i thiáº¿t káº¿ mÃ´i trÆ°á»ng Ä‘áº¹p Sáº½ láº¡i,1
180,nhaan viÃªn cá»±c ká»³ nhiá»‡t tÃ¬nh Náº¿u há»™i láº¡ Ä‘Ã  náºµng cháº¯n sáº¡n giá»›i thiá»‡u bÃ¨ ,1
181,Vá»‹ trÃ­ thuáº­n tiá»‡n Ä‘áº¹p NhÃ¢n viÃªn lá»‹ch Ã¢n TÃ´i ks dá»‹p NÆ°á»›c nÃ³ng yáº¿u,1
182,KhÃ¡ch sáº¡n gÃ³c trang trÃ­ Ä‘áº¹p thÆ°Æ¡ng Vá»‹ trÃ­ trung tÃ¢m Cháº¥t Ä‘i kÃ¨m giÃ¡ tiá»n KhÃ´ng xá»©ng 5 KhÄƒn táº¯m rÃ¡ch bÆ°Æ¡m 5 6 rÃ¡ch NhÃ¢n viÃªn check in check out cháº­m cháº¡p Bá»¯a nghÃ¨o nÃ n mÃ³n,-1
183, Resort thiáº¿t káº¿ Ä‘áº¹p chi tiáº¿t xinh xáº¯n iu TÃ´i gian sáº£nh Ä‘Ã³n tiáº¿p bá»ƒ bÆ¡i táº§ng 1 gian táº§ng 4 NhÃ¢n viÃªn thÃ¢n thiá»‡n nhiá»‡t tÃ¬nh TrÃ  chiá»u dá»‹ch vá»¥ mÆ°á»£n xe Ä‘áº¡p thÃº vá»‹ Há»‡ thá»‘ng Ã¢m phÃ²ng TÃ´i PhÃ²ng 208 tiáº¿ng piano phÃ¡t 1 7 h 23 h tá»‘i hÆ¡i Ä‘au Ä‘áº§u Khi phÃ²ng tiáº¿ng ng hÃ nh lang tiáº¿ng ng bá»ƒ bÆ¡i táº§ng 1 NhÃ¢n viÃªn gÃµ cá»­a dá»n phÃ²ng 14 h nghá»‰ trÆ°a hÆ¡i báº¥t tiá»‡n Khu vá»±c ban cÃ´ng sáº¡ch láº¯m,0
184,Bá»¯a phong phÃº Hai bá»ƒ bÆ¡i táº§ng 1 táº§ng 4 Ä‘em lá»±a Ä‘a dáº¡ng CÃ¡c phÃ²ng rá»™ng rÃ£i ban cÃ´ng view NhÃ¢n viÃªn thÃ¢n thiá»‡n nhiá»‡t tÃ¬nh há»¯u Ã­ch KhuÃ´n viÃªn tÆ°Æ¡ng xá»©ng resport ,1
185,Kiáº¿n trÃºc Ä‘áº¹p thu hÃºt máº» sáº¡ch nhÃ¢n viÃªn thÃ¢n thiá»‡n khu vui baby Check in check out hÆ¡i rÆ°á»m rÃ  ,1
186,PhÃ²ng Ä‘áº¹p sáº¡n Ä‘áº¹p chi tiáº¿t Äá»“ ko ngon láº¯m,0
187,NhÃ¢n viÃªn nhiá»‡t tÃ¬nh chu Ä‘Ã¡o thÆ°Æ¡ng Check in hÆ¡i PhÃ²ng hÆ¡i bÃ©,0
188,sáº¡ch bá» biá»ƒn Giá» check in sáº¡n 14 pm hÆ¡i muá»™n NhÆ° Ä‘oÃ n trÆ°a xong chá» tÆ°Æ¡ng Ä‘á»‘i check in sáº¡n Sau Ä‘áº¥y 1 phÃ²ng 2 ruoi chiá»u Ä‘c phÃ²ng giÆ°á»ng Ä‘Ã´i 1 m6 tráº» hÆ¡i cháº­t,0
189,Ráº¥t bá»ƒ sá»¥c sáº¡n PhÃ²ng háº¡ng phÃ²ng deluxe tiá»‡n Ã­ch xÃ´ng hÆ¡i phÃ²ng táº¯m hÃ i NÃªn uá»‘ng hoa buffet sÃ¡ng,1
190,ChÃºng bá»ƒ sá»¥c khÃ­ jacuzzi sáº¡n phÃ²ng bá»‘ trÃ­ ná»™i tháº¥t há»£p lÃ½,0
191,PhÃ²ng sáº¡ch giÆ°á»ng cá»±c Ãªm NhÃ¢n viÃªn thÃ¢n thiá»‡n Khu vá»±c á»“n Äá»“ uá»‘ng háº¡n cháº¿ ,1
192,NhÃ¢n viÃªn nhiá»‡t tÃ¬nh hÆ°á»›ng chÃ o Ä‘Ã³n sáº¡n náº±m khu yÃªn tÄ©nh mÃ´ hÃ¬nh há»™ GiÃ¡ há»£p lÃ½ há»™i trá»Ÿ ,1
193,PhÃ²ng sáº¡ch thoÃ¡ng thoáº£i mÃ¡i NhÃ¢n viÃªn siÃªu thÆ°Æ¡ng khu vá»±c xung quanh xÃ¢y dá»±ng ngÃ´n ngang,1
194,PhÃ²ng rá»™ng rÃ£i thoáº£i mÃ¡i tiá»‡n nghi Gia Ä‘Ã¬nh nhÃ¢n viÃªn thÃ¢n thiá»‡n ,1
195,NhÃ¢n viÃªn nhiá»‡t tÃ¬nh máº¿n NÃªn trang bÃ n trang gÆ°Æ¡ng phÃ²ng ,0
196,Äá»“ táº¡m á»•n ks 4 buffet phong phÃº sáº£nh vá»‡ sinh chuáº©n 4 2 cháº­u lan rÃ¡c sÃ³t nhÃ¢n viÃªn quÃ©t dá»n rá»i Ä‘i door man va staff cá»­a cÆ°á»i huyÃªn thuyÃªn chá»• Ä‘á»©ng cháº¡y hÃºt thuá»‘c NÃ³i hoÃ n hÃ£o tiÃªu chuáº©n 4 sao,-1
197,TÃ´i hÃ i lá»±a ks Minh ToÃ n Booking com booking HÃ i phong phá»¥c vá»¥ chu Ä‘Ã¡o nv Báº£o vá»‡ Lá»… tÃ¢n nv NhÃ  hÃ ng quáº§y bar nv xÃ¡ch hÃ nh lÃ½ Táº¥t okie TÃ´i Ks Minh ToÃ n Galaxy chuyáº¿n ctac 22 7 2016 tiáº¿p ÄÃ  Náºµng Tks ,1
198,Buá»•i ngon nhÃ¢n viÃªn viÃªn hÃ ng phá»¥c vá»¥ chu Ä‘Ã¡o PhÃ²ng á»‘c sáº¡ch tiá»‡n nghi NhÃ¢n viÃªn Lá»… TÃ¢n xá»©ng táº§m sáº¡n 4 CÃ²n khÄƒn gá»i Ä‘iá»‡n thoáº¡i Ä‘iá»‡n thoáº¡i 1 cá»©ng nháº¯t linh hoáº¡t tÃ¬nh huá»‘ng Giao tiáº¿p táº» nháº¡t ,1
199,Bá»¯a ngon Ä‘á»•i mÃ³n PhÃ²ng OK sáº¡ch nhÃ¢n viÃªn thÃ¢n thiá»‡n ,1
200,Trung bÃ¬nh ChÄƒn nilong Cáº£m giÃ¡c thoáº£i mÃ¡i,-1
201,bá»¯a ngon phÃ²ng tiá»‡n nghi dá»‹ch vá»¥ gá»™i Ä‘áº§u massage,1
202,PhÃ²ng nghá»‰ cháº¥t sáº¡ch Ä‘áº¹p Bá»¯a phong phÃº ngon ,1
203,PhÃ²ng á»‘c sáº¡ch thoáº£i mÃ¡i bá»¯a Chuáº©n tiÃªu chÃ­ 4 NhÃ¢n viÃªn thÃ¢n thiá»‡n,1
204,GiÆ°á»ng thoáº£i mÃ¡i Vá»‹ trÃ­ hÆ¡i Trung tÃ¢m,0
205,Bá»¯a ngon phÃ²ng Ä‘áº¹p Lá»… tÃ¢n chuyÃªn nghiá»‡p 2 ngÃ´n ngá»¯ khÃ¡ch,0
206,PhÃ²ng Ä‘áº¹p View Ä‘áº¹p dá»‹ch vá»¥ chuyÃªn nghiá»‡p nhÃ¢n viÃªn nhiá»‡t tÃ¬nh thÃ¢n thiá»‡n CÃ¡c nhÃ¢n viÃªn kinh doanh ngáº¡i support nhu cáº§u hÃ ng máº·c lá»‹ch 2 ,1
207,ThÃ¡i Ä‘á»™ phá»¥c vá»¥ nhÃ¢n viÃªn Nhiá»u phÃ²ng cá»­a thÃ´ng phÃ²ng cáº¡nh Äiá»u tá»‡ ká»³ nghá»‰ gian tÆ° thoáº£i mÃ¡i Quáº£ thá»±c thoáº£i mÃ¡i nÃ y,-1
208,Ráº¥t bá»¯a ngon Vá»‹ trÃ­ thuáº­n tiá»‡n Ä‘i NhÃ¢n viÃªn nhiá»‡t tÃ¬nh thÃ¢n thiá»‡n Khu vá»±c há»“ bÆ¡i view Ä‘áº¹p thá»i tiáº¿t mÃ¡t máº» MÃ¬nh cáº£m giÃ¡c sÃ¢n thÆ°á»£ng chiá»u mÃ¡t máº» bÃ¬nh trÃ  áº¥m Ã¡p NÄƒm cháº¯n láº¡i,1
209,Gáº§n bÃ£i biá»ƒn xung quanh quÃ¡n dá»‹ch vá»¥ KhÃ¡ch sáº¡n sáº¡ch nhÃ¢n viÃªn thÃ¢n thiá»‡n nhiá»‡t tÃ¬nh Máº¡ng internet trá»¥c tráº·c bá»¯a phong phÃº láº¯m ,1
210,Bá»¯a bÃ¬nh hÆ¡i mÃ³n táº¯m kÃ­nh che cháº£y chÆ¡n Æ°á»›t sÃ n khu vá»±c lavabo dáº§u ngá»™i sá»¯a tÄƒm buá»“ng táº¯m giÃ¡ khÄƒn táº¯m thiáº¿t káº¿ buá»“ng táº¯m,-1
211,NhÃ¢n viÃªn vui váº» buffet ngon mÃ³n phÃ²ng sáº¡ch thoáº£i mÃ¡i view tp ngáº¯m cáº£nh tá»‘i Ä‘áº¹p chá»¥p hÃ¬nh sá»‘ng áº£o ,1
212,KhÃ¡ch sáº¡n thiáº¿t tiá»‡n nghi thiáº¿t káº¿ hiá»‡n Ä‘áº¡i PhÃ²ng rá»™ng sáº¡ch view tÆ°Æ¡ng Ä‘á»‘i Ä‘áº¹p bÃ£i biá»ƒn Má»¹ KhÃª KhÃ¡ch sáº¡n náº±m trung tÃ¢m thÃ nh phá»‘ tiá»‡n Ä‘Æ°á»ng Ä‘i chÃ¹a Linh á»¨ng Há»™i An BÃ  NÃ  CÃ¡ch Ã¢m tiáº¿ng Ä‘á»™ng hÃ nh lang Äá»“ phong phÃº ,1
213,KhÃ¡ch sáº¡n xÃ¢y PhÃ²ng Ä‘áº¹p tiá»‡n nghi View biá»ƒn Ä‘áº¹p NhÃ¢n viÃªn nhiá»‡t tÃ¬nh lá»‹ch chu Ä‘Ã¡o Ä‚n ngon ÄÃ¡ng giÃ¡ tiá»n Sáº½ lÆ°u trÃº ká»³ nghá»‰ ,1
214,NhÃ¢n viÃªn thÃ¢n thiá»‡n nhiá»‡t tÃ¬nh chuyÃªn nghiá»‡p KhÃ¡ch sáº¡n Ä‘áº¹p biá»ƒn ,1
215,Cuá»™n giáº¥y vá»‡ sinh hÆ¡i bÃ© Ä‘áº·c Ä‘á»‘i phÃ²ng gia Ä‘Ã¬nh 4 1 cuá»™n Gá»i lá»… tÃ¢n chá» hÆ¡i ,-1
216,GiÆ°á»ng gá»‘i Ãªm náº±m PhÃ²ng sáº¡ch nhÃ¢n viÃªn thÃ¢n thiá»‡n thÆ°Æ¡ng Ä‚n mÃ³n trÃ¡i tiáº¿p Ä‘Ã³n,1
217,KhÃ¡ch sáº¡n Ä‘áº¹p phÃ²ng rá»™ng view biá»ƒn thÃ nh phá»‘ tuyá»‡t vá»i nhÃ¢n viÃªn quáº£n lÃ½ thÃ¢n thiá»‡n nhiá»‡t tÃ¬nh Táº¥t ,1
218,KhÃ¡ch sáº¡n NhÃ¢n viÃªn thÃ¢n thiá»‡n nhiá»‡t tÃ¬nh NhÃ  táº¯m thiáº¿t káº¿ há»£p lÃ­,0
219,Bá»¯a phong phÃº phÃ²ng sáº¡ch sáº½,1
220,nhÃ¢n viÃªn thÃ¢n thiá»‡n vui váº» phÃ²ng sáº¡ch ngon giÃ¡ chÃºt há»£p lÃ½ hÆ¡n,1
221,NhÃ¢n viÃªn phá»¥c vá»¥ nhiá»‡t tÃ¬nh vui váº» Máº¡ng internet hÆ¡i cháº­m cháº­p chá»n,0
222,KhÃ¡ch sáº¡n view Ä‘áº¹p thuáº­n tiá»‡n Ä‘i trung tÃ¢m thÃ nh phá»‘ biá»ƒn sÃ¢n bay nhÃ¢n viÃªn nhiá»‡t tÃ¬nh thÃ¢n thiá»‡n láº§n Ä‘á»‹nh nghá»‰ Bá»¯a hÆ¡i mÃ³n Ä‘á»“ hÆ¡i nguá»™i phÃ²ng hÆ¡i bÃ­ ,0
223,PhÃ²ng Ä‘áº¹p sáº¡ch nhÃ¢n viÃªn phá»¥c vá»¥ nhiá»‡t tÃ¬nh há»“ bÆ¡i minibar sÃ¢n thÆ°á»£ng Ä‘áº¹p 22 h ngáº¯m cáº£nh hÆ¡i tiáº¿c ÄÃ¡nh giÃ¡ ,1
224,Bá»¯a mÃ³n ko phong phÃº bÃ¡o n ks khÃ³a cá»­a gá»i Tivi phÃ²ng ko Ä‘c Ä‘Æ°á»ng truyá»n kÃ©m KhÃ¡ch bÃ¡o lá»… tÃ¢n bÃ¡o thá»©c ko gá»i quÃªn ,-1
225,GiÆ°á»ng thoáº£i mÃ¡i nhÃ¢n viÃªn thÃ¢n thiá»‡n Tráº§n tháº¥m há»“ bÆ¡i náº±m gian phÃ²ng Ä‘áº¹p NhÃ¢n viÃªn toÃ¡n tiá»n sáº¡n trang booking com thÃ´ng toÃ¡n ,0
226,TÃ´i bá»ƒ bÆ¡i sáº¡n bá»n tráº» enjoy phÃ²ng ngá»§ hÆ¡i bá»¯a phong phÃº Ä‘áº§u báº¿p náº¥u ngon NhÆ°ng gia Ä‘Ã¬nh hÃ i lÆ°u trÃº ,0
227,khÃ¡ch sáº¡n Ä‘áº¹p tiá»‡n nghi nhÃ¢n viÃªn thÃ¢n thiá»‡n xung quanh ks hÃ ng quÃ¡n bá»ƒ bÆ¡i Ä‘áº¹p phao tráº» sáº¡n hÆ¡i bá» biá»ƒn Ä‘i biá»ƒn hÆ¡i má»‡t chá»— thoÃ¡t táº¯m cháº­m táº¯m ngáº­p bÃ n chÃ¢n,1
228,Sáº¡ch tiá»‡n nghi giÆ°á»ng thoáº£i mÃ¡i Bá»¯a phong phÃº nhÃ¢n viÃªn báº¿p phá»¥c vá»¥ nhiá»‡t tÃ¬nh cÆ°á»i Ä‘á»©ng máº·t hÃ ng ,0
229,Buffet ok nhÃ¢n viÃªn nhiá»‡t tÃ¬nh Há»“ bÆ¡i lÃ½ tÆ°á»Ÿng Ä‘i mÃ¹a láº¡nh thá»ƒ táº­n hÆ°á»Ÿng View há»“ bÆ¡i thoÃ¡ng thá»ƒ cáº§u rá»“ng cáº£nh PhÃ²ng thiáº¿t káº¿ hÆ¡i gÃ² pÃ³ vÃ²i sen phÃ²ng táº¯m rá»‰ vÃ²i sen tráº§n báº¥t tiá»‡n táº¯m NhÃ¢n viÃªn sáº£nh ok vui váº» ok ,0
230,NhÃ¢n viÃªn nhiá»‡t tÃ¬nh thÆ°Æ¡ng ğŸ™‚ Trong phÃ²ng ngá»§ giÆ°á»ng bá»¥i má»n gá»‘i mÃ¹i phÃ²ng Ã¢m hÆ¡i tá»‡ á»“n,-1
231,PhÃ²ng sáº¡ch nhÃ¢n viÃªn thÆ°Æ¡ng nhiá»‡t tÃ¬nh giÆ°á»ng cá»±c to view Ä‘áº¹p gÃ³c thá»ƒ sá»‘ng áº£o sáº¡n biá»ƒn sÃ¢n bay,1
232,NhÃ¢n viÃªn thÃ¢n thiá»‡n nhiá»‡t tÃ¬nh Trong tá»§ quáº§n Ã¡o giÃ¡n,0
233,GiÆ°á»ng bá»ƒ bÆ¡i tuyá»‡t vá»i PhÃ­ thuÃª xe máº¯c ,0
234,NhÃ¢n viÃªn thÃ¢n thiá»‡n nhiá»‡t tÃ¬nh NhÃ  táº¯m tiá»‡n nghi ngÄƒn náº¯p phÃ²ng á»‘c bÃ­ ,0
235,Bá»¯a ngon cháº¥t mÃ³n lá»±a NhÃ¢n viÃªn lá»… tÃ¢n phá»¥c vá»¥ nhiá»‡t tÃ¬nh chu Ä‘Ã¡o PhÃ²ng Ä‘áº¹p sáº¡ch ,1
236,Há»“ bÆ¡i rá»™ng rÃ£i Bá»¯a Ä‘a dáº¡ng Má» ,1
237,Bá»¯a ngon Máº¡ng wifi cháº­m,0
238,NhÃ¢n viÃªn nhiá»‡t tÃ¬nh PhÃ²ng bÃ© 25 m Bá»ƒ bÆ¡i ko sáº¡ch PhÃ²ng tráº» bÃ© má»©c,-1
239,Tiá»‡n nghi sáº¡n á»“n trÆ°a,0
240,NhÃ¢n viÃªn thÆ°Æ¡ng thÃ¢n thiá»‡n PhÃ²ng táº¯m thoÃ¡t cháº­m,0
241,Bá»¯a há»£p kháº©u vá»‹ NhÃ¢n viÃªn thÃ¢n thiá»‡n PhÃ²ng sáº¡ch há»£p giÃ¡ tiá»n,1
242,Bá»¯a ngon mÃ³n Há»“ bÆ¡i táº§m hÆ¡i tráº» PhÃ²ng sáº¡ch thoáº£i mÃ¡i ,1
243,PhÃ²ng rá»™ng rÃ£i thoáº£i mÃ¡i SÃ n tráº£i tháº£m láº¡nh chÃ¢n Ä‘i phÃ²ng Bathroom sáº¡ch mÃ¹i NhÃ¢n viÃªn phá»¥c vá»¥ lá»‹ch Ã¢n KhÃ³a hÆ¡i Pháº£i quáº¹t tháº» 3 chá»‘t bung Tá»§ láº¡nh restart tiáº¿ng á»“n chá»‰nh 0 thá»ƒ ngá»§ Bá»¯a ráº¥t mÃ³n sáº¡n ngang giÃ¡ ,0
244,PhÃ²ng rá»™ng thoáº£i mÃ¡i thoÃ¡ng mÃ¡t Ná»™i tháº¥t trá»ng tiá»‡n nghi NhÃ¢n viÃªn thÃ¢n thiÃªn nhiá»‡t tÃ¬nh PhÃ²ng táº¯m phÃ²ng vá»‡ sinh hÆ¡i báº¥t tiá»‡n cá»­a phÃ²ng láº¯p há»£p lÃ½ SÃ n phÃ²ng tráº£i tháº£m hÃºt bá»¥i hÆ¡i báº©n ,1
245,NhÃ¢n viÃªn sá»©c bá»¥ng nhiá»‡t tÃ¬nh KhÃ¡ch sáº¡n thuÃª phÆ°Æ¡ng tiá»‡n di Chá»— sÃ¢n bay cá»­a hÃ ng táº¡p hÃ³a thuáº­n tiá»‡n mua Ä‘á»“ Ä‘i phÆ°á»£t Buá»“ng táº¯m kÃ­nh thiáº¿t káº¿ váº» hÆ¡i thuáº­n KhÃ¡ch sáº¡n chÄƒn hÆ¡i hÆ¡i nÃ³ng thá»i tiáº¿t hÃ¨ thu khÃ´ nÃ³ng,1
246,giÆ°á»ng thoáº£i mÃ¡i sáº¡ch pháº§n phá»¥ thu rÃ ng Ä‘áº§u do 01 Ä‘áº§u tiáº¿p book chá»— sau ko tiáº¿p phá»¥ thu 2 tiáº¿ng 2 h chiá»u phá»¥ thu 30 thÃ nh tá»‘n tiá»n phá»¥ thu tá»‘n tiá»n book sáº¡n Náº¿u Ä‘áº§u ko tiá»n phá»¥ thu book ks ,0
247,MÃ¬nh hÃ i NhÃ¢n viÃªn thÃ¢n thiá»‡n phÃ²ng Ä‘áº¹p sáº¡ch ko gian yÃªn tÄ©nh thuáº­n tiá»‡n Ä‘i Ráº¥t lá»±a ÄÃ  Náºµng Nháº¥t Ä‘á»‹nh 2,1
248,1 Äá»‹a KhÃ¡ch sáº¡n sÃ¢n bay di sÃ¢n bay thuáº­n tiá»‡n Tá»« sáº¡n Ä‘i Trung tÃ¢m thÃ nh phá»‘ dÃ ng 2 PhÃ²ng PhÃ²ng yÃªn tÄ©nh khoáº£n hÃ i PhÃ²ng rá»™ng sáº¡ch CÃ³ 1 giÆ°á»ng phÃ²ng hÆ¡i háº¡ng phÃ²ng Double book 3 NhÃ¢n viÃªn NhÃ¢n viÃªn ráº¥t thÃ¢n thiá»‡n nhiá»‡t tÃ¬nh cá»Ÿi Tá»« pháº­n Buá»“ng phÃ²ng NhÃ  hÃ ng Lá»… tÃ¢n Xong cáº£i thiá»‡n kháº£ nÄƒng giao tiáº¿p Tiáº¿ng Anh thá»ƒ cháº¥t dá»‹ch vá»¥ ,1
249,GiÆ°á»ng thoáº£i mÃ¡i phÃ²ng siÃªu rá»™ng sáº¡ch Ä‘áº¹p MÃ¬nh book phÃ²ng double sáº¡n xáº¿p cÅ© phÃ²ng twin 2 giÆ°á»ng Tuy nhiÃªn phÃ²ng rá»™ng Ä‘áº¹p láº¯m ,1
250,KhÃ¡ch sáº¡n hÃ¬nh khai trÆ°Æ¡ng phÃ²ng á»‘c thoÃ¡ng sáº¡ch thoáº£i mÃ¡i Tuy nhiÃªn bá»¯a buffet sÆ¡ sÃ i 9 h káº¿t thÃºc 8 rÆ°á»¡i thá»ƒ Ä‘Ã nh Ä‘i Buffet sÆ¡ sÃ i káº¿t thÃºc ghi phiáº¿u,1
251,book phÃ²ng booking ghi free bá»¯a 2 Ä‘Ãªm k bá»¯a k bá»¯a thÃ´ng bÃ¡o máº¥y h Ä‘á»“ luÃ´n,-1
252,KhÃ¡ch sáº¡n xÃ¢y phÃ²ng á»‘c sáº¡ch NhÃ¢n viÃªn nhiá»‡t tÃ¬nh Äá»‹a thuáº­n tiá»‡n sÃ¢n bay xung quanh uá»‘ng Bá»¯a trÆ°a gia Ä‘Ã¬nh hÃ ng ngon ráº» ,1
253,Äá»‹a thuáº­n lá»£i nhÃ¢n viÃªn nhiá»‡t tÃ¬nh sáº¡n sáº¡ch thoÃ¡ng mÃ¡t NÃ³i hÃ i Nháº¥t Ä‘á»‹nh Má»i sáº¡n mÃ³n tuyá»‡t Ä‘áº¥y ,1
254,Bá»¯a Ks sáº¡ch yÃªn tÄ©nh,1
255,Bá»¯a sÆ¡ sÃ i PhÃ²ng nhá»,-1
256,Thiáº¿t káº¿ phÃ²ng Ä‘áº¹p ban cÃ´ng thoÃ¡ng Ráº¥t Thá»i giÃ n phá»¥c vá»¥ hÆ¡n,0
257,NhÃ¢n viÃªn phá»¥c vá»¥ nhiá»‡t tÃ¬nh phÃ²ng sáº¡ch gá»n gÃ ng NÃ³i ok Bá»¯a há»£p kháº©u vá»‹ Ä‚n chÃ¡n huhu,1
258,GiÆ°á»ng thoáº£i mÃ¡i Ä‚n ngon mÃ³n Ä‘á»“ nguá»™i,0
259,Bá»¯a ngon KhÃ¡ch sáº¡n sáº¡ch sáº½,1
260,Vá»‹ trÃ­ thuáº­n lá»£i phÃ²ng Ä‘áº¹p tiá»‡n nghi NhÃ¢n viÃªn nhiá»‡t tÃ¬nh ,1
261,Bá»¯a ngon PhÃ²ng rá»™ng rÃ£i giÆ°á»ng sáº¡ch Äiá»u hÃ²a cháº­m mÃ¡t k mÃ¡t láº¯m quáº¡t,1
262,Bá»¯a ngon phÃ²ng sáº¡ch chá»— nghá»‰ yÃªn tÄ©nh MÃ¡y láº¡nh tivi tá»‘t,1
263,Bá»¯a ngon giÆ°Æ¡ng ngá»§ sáº¡ch nhiÃªn phÃ²ng vá»‡ sinh cháº­t háº¹p,1
264,Ráº¥t phÃ²ng Ä‘áº¹p nhÃ¢n viÃªn thÃ¢n thiá»‡n MÃ¡y láº¡nh k mÃ¡t thá»©c nguá»™i thang mÃ¡y trá»i k mÃ¡y láº¡nh ,0
265,GiÆ°á»ng thoáº£i mÃ¡i khu nghá»‰ yÃªn tÄ©nh HÆ¡i trung tÃ¢m siÃªu thá»‹ hÃ ng chá»— vui giáº£i trÃ­ chá»— trÆ°a tá»‘i ,0
266,phÃ²ng sáº¡ch booking giÃ¡ cháº¥t ok buffet ko tÆ°á»£ng ,1
267,Máº¥y lá»… tÃ¢n thÆ°Æ¡ng ğŸ˜Œ phá»¥c vá»¥ táº­n tÃ¬nh hÃ ng Wifi yáº¿u ğŸ˜“ Háº§u k xÃ i Ä‘c phÃ²ng,0
268,Sáº¡ch sÃ¢n bay Em tiáº¿p tÃ¢n tá»­ táº¿ MÃ¬nh giÆ°á»ng king size ksan giÆ°á»ng 1 4 hÃ i ,0
269,Sáº¡ch nhÃ¢n viÃªn nháº¹ nhÃ ng bá»¯a ngon miá»‡ng Xa vui chÆ¡i,1
270,Sáº¡ch thÃ¢n thiá»‡n tiá»‡n nghi Khsan náº±m khuáº¥t gá»i taxi chá» lÃ¢u,1
271,Sáº¡ch nhÃ¢n viÃªn thÃ¢n thiá»‡n Xa trung tÃ¢m,0
272,YÃªn tÄ©nh TÃ´i phÃ²ng Ä‘Æ¡n 1 giÆ°á»ng cung 2 giÆ°á»ng Ä‘Æ¡n Äiá»u hÃ²a mÃ¡t láº¯m ,0
273,Äá»“ ngon phÃ²ng trá»ng sáº¡ch sáº½,1
274,PhÃ²ng á»‘c sáº¡ch rá»™ng rÃ£i thoÃ¡ng mÃ¡t phÃ²ng superior giÆ°á»ng Ä‘Ã´i Dá»‹ch vá»¥ thuÃª xe mÃ¡y xe yáº¿u Ä‘á»‰nh BÃ n cá» 1 cháº¡y ko ná»•i gÆ°Æ¡ng chiáº¿u háº­u quan sÃ¡t KhÃ´ng suá»‘i tiá»n miá»…n phÃ­ ,0
275,PhÃ²ng Ä‘áº¹p sáº¡ch tiá»‡n nghi bÃ£i biá»ƒn giÆ°á»ng ná»‡m Ãªm NhÃ¢n viÃªn vui váº» nhiá»‡t tÃ¬nh KhÃ¡ch sáº¡n giÃ¡ ThÃ­ch há»£p tráº» du lá»‹ch nghá»‰ mÃ¡t Táº¥t trá»« cá»­a phÃ²ng 301 hÆ¡i xÃ­u ,1
276,giÆ°á»ng thoáº£i mÃ¡i nv lá»… tÃ¢n nhiá»‡t tÃ¬nh vui váº» ks quÃ¡n BÃ  ThÃ´i 2 Ä‘áº·c sáº£n Tráº§n Ä‘i xe mÃ¡y nhÃ¢n viÃªn dá»n phÃ²ng háº±ng cá»­a phÃ²ng chá»‘t ko thang mÃ¡y táº§ng 6 báº¿p chÃ©n Ä‘Å©a Ä‘á»“ KS cáº£i thiá»‡n phá»¥c vá»¥ dc hÆ¡n,-1
277,PhÃ²ng sáº¡ch tiá»‡n nghi QuÃ¡ há»£p lÃ½ giÃ¡ phÃ²ng Gáº§n biá»ƒn thuáº­n tiá»‡n Ä‘i Ä‘á»‹a NhÃ¢n viÃªn sáº¡n nhiá»‡t tÃ¬nh máº¿n Wifi hÆ¡i yáº¿u khuyáº¿ch tÃ¡n wifi Ã¢m láº¯m Tuy nhiÃªn áº£nh hÆ°á»Ÿng kháº¯c phá»¥c hoÃ n háº£o ,1
278,Coca ráº» giÃ¡ sáº¡n Lá»… tÃ¢n Ä‘Ã³n tiáº¿p tráº¡ng thÃ¡i buá»“n ngá»§ phÃ©p checkout muá»™n nhÃ¢n viÃªn fake khen sáº¡n fb chÄƒn tung hÃ²a yáº¿u ruá»“i,-1
279,NhÃ¢n viÃªn thÃ¢n thiá»‡n nhiá»‡t tÃ¬nh PhÃ²ng sáº¡ch Vá»‹ trÃ­ thuáº­n tiá»‡n Wifi phÃ²ng háº§u thá»ƒ cá»­a phÃ²ng thá»ƒ khÃ³a trÃ¡i phÃ²ng ,0
280,KhÄƒn táº¯m sáº·c mÃ¹i clo mÃ¬ tÃ´m phÃ²ng háº¡n 2 há»™p tiá»n 2 há»™p mÃ¬ háº¡n Ä‘áº¥y Wifi tá»‡ thá»ƒ truy cáº­p tá»‘c Ä‘á»™ rÃ¹a cá»­a phÃ²ng toang hoÃ¡c ,-1
281,Má»i CÃ¡c thÃ¢n thiá»‡n thÆ°Æ¡ng CÆ°á»i vÃ´ yÃªu MÃ¬nh phÃ²ng phÃ²ng siÃªu trá»… Ä‘á»“ng cÆ°á»i tÆ°Æ¡i Cháº¯c cháº¯n KhÃ´ng chÃª cáº£,1
282,mÃ¬nh Ä‘i 12 thá»i tiáº¿t xáº¥u bÃ¹ nhÃ¢n viÃªn ks nhiá»‡t tÃ¬nh phÃ²ng sáº¡ch se va xung quanh yÃªn tÄ©nh tuy Ä‘Æ°á»ng thoÃ¡ng cáº§u rá»“ng biá»ƒn má»¹ khÃª khÃ´ng chÃª vá»›i giÃ¡ nv nháº¥t Ä‘á»‹nh qlai,1
283,PhÃ²ng Ä‘Ã´i 2 vá»£ chá»“ng thoáº£i mÃ¡i sáº¡ch cá»­a sá»• rá»™ng thoÃ¡ng 2 phÃ²ng Ä‘Æ¡n Ksan 5 táº§ng táº§ng 3 phÃ²ng thang mÃ¡y ks uá»‘ng vui Ráº¥t tiá»‡n háº£i sáº£n khu bá» biá»ƒn khu táº¯m bÃ¹n Galina Asia park Vá»›i giÃ¡ thuÃª phÃ²ng ok Trong táº¯m phÃ²ng Ä‘Æ¡n ngháº¹t bá»“n cáº§u lavabo há»ng nÃºt cháº·n MÃ¬nh bÃ¡o nv ks kháº¯c phá»¥c chÃ³ng TUy nhiÃªn 1 khÄƒn máº·t thay phÃ²ng Ä‘Ã´i báº©n váº¿t Ä‘en khÄƒn ko dÃ¡m Ksan kiá»ƒm tra Ä‘á»“ thay Ä‘em thay,1
284,Ná»™i tháº¥t phÃ²ng Ä‘áº¹p GiÆ°á»ng gá»‘i Ãªm NhÃ¢n viÃªn thÃ¢n thiá»‡n mÆ°á»£n Ä‘Ã n guitar LÃºc Ä‘áº§u phÃ²ng chÃºt nháº§m láº«n nhÃ¢n viÃªn Ä‘á»•i phÃ²ng book NhÃ¢n viÃªn check phÃ²ng kÄ© chÃºt nhiÃªn áº£nh hÆ°á»Ÿng máº¥y,1
285,Má»i tuyá»‡t vá»i Gáº§n biá»ƒn trung tÃ¢m Ä‘i tiá»‡n lá»£i PhÃ²ng Ä‘áº¹p rá»™ng sáº¡ch NhÃ¢n viÃªn thÃ¢n thiá»‡n nhiá»‡t tÃ¬nh chu Ä‘Ã¡o dá»n dáº¹p phÃ²ng hÃ ng ğŸ‘ Náº¿u trá»Ÿ ÄÃ  Náºµng lá»±a ,1
286,Gia Ä‘Ã¬nh phÃ²ng 2 giÆ°á»ng thá»ƒ 3 1 tráº» 5 cá»­a sá»• báº¿p náº¥u nÆ°á»›ng tiá»‡n dá»¥ng GiÃ¡ Homie lá»±a ngáº¯n Thá»i gia Ä‘Ã¬nh Ä‘i cÃ´ng trÃ¬nh xÃ¢y dá»±ng cáº¡nh á»“n ,1
287,PhÃ²ng Ä‘áº¹p Káº¿ trÆ°á»ng máº«u giÃ¡o hÆ¡i á»“n,0
288,GiÆ°á»ng Ãªm phÃ²ng sáº¡ch Äiá»u hÃ²a ko thá»ƒ chá»‰nh nhiá»‡t Ä‘á»™,0
289,NhÃ¢n viÃªn thÃ¢n thiá»‡n phÃ²ng rá»™ng sáº¡ch GiÃ¡ ráº» cháº¥t lÆ°á»£ng,1
290,PhÃ²ng rá»™ng rÃ£i sáº¡ch Ä‘i thuáº­n tiá»‡n nhÃ¢n viÃªn nhiá»‡t tÃ¬nh vui váº» Chá»— xe mÃ¡i che xe mÃ¡y náº¯ng,1
291,Vá»‹ trÃ­ Ä‘i thuáº­n tiá»‡n Vá»«a biá»ƒn trung tÃ¢m,0
292,Sáº¡ch tiá»‡n nghi KhÃ´ng thÃ´ng thoÃ¡ng phÃ²ng ngá»™t ngáº¡t khÃ­ ,0
293,GiÆ°á»ng ná»‡m thoáº£i mÃ¡i tiá»‡n di NÃªn Ã¢m chÃºt ,0
294,bá»¯a tá»‡ mÃ¬ háº¡n tiá»n bá»¯a tá»‡ mÃ¬ háº¡n tiá»n,-1
295,NhÃ¢n viÃªn thÃ¢n thiá»‡n thÃ¡i Ä‘á»™ nhiá»‡t tÃ¬nh Cáº§n chá»‰nh sá»­a thiáº¿t lá»—i há»ng rÃ¨m cá»­a vÃ²i hoa sen ,0
296,KhÃ¡ch sáº¡n nhÃ¢n viÃªn thÃ¢n thiá»‡n phÃ²ng sáº¡ch trá»Ÿ láº¡i,1
297,PhÃ²ng sáº¡ch NhÃ¢n viÃªn thÃ¢n thiá»‡n cáº£m giÃ¡c thoáº£i mÃ¡i Cung bá»• sung váº­t dá»¥ng phÃ²ng táº¯m hÃ ng ,1
298,PhÃ²ng sáº¡ch tiá»‡n nghi CÃ³ thuÃª xe mÃ¡y,1
299,PhÃ²ng sáº¡ch giÃ¡ tiá»n Xung quanh cÃ´ng trÃ¬nh xÃ¢y dá»±ng,0
300,NhÃ¢n viÃªn nháº¹ nhÃ ng thÃ¢n thiá»‡n PhÃ²ng nghá»‰ sáº¡ch ,1
301,PhÃ²ng rá»™ng rÃ£i thoÃ¡ng mÃ¡t Má»›i xÃ¢y sáº¡ch KhÃ´ng chá»— xe Äiá»u hÃ²a cÃ´ng suáº¥t yáº¿u phÃ²ng lá»›n,1
302,PhÃ²ng sáº¡ch thoáº£i mÃ¡i NhÃ¢n viÃªn vui váº» thÃ¡i Ä‘á»™ phá»¥c vá»¥c nhiá»‡t tÃ¬nh thÃ¢n thiá»‡n ,1
303,GiÃ¡ ráº» yÃªn tÄ©nh tiá»‡n nghi dá»n phÃ²ng thay Ä‘á»“ xuyÃªn Nhiá»u kiáº¿n Ä‘á»“ bÃ n lÃ¡t bu TOT,1
304,PhÃ²ng tiá»‡n nghi sáº¡ch giÃ¡ siÃªu há»£p lÃ½ viÃªn Vui váº» lá»‹ch sá»±,1
305,GiÃ¡ ráº» tiá»‡n nghi okie phÃ²ng sáº¡ch Chá»‰ phÃ²ng rÃ² hÃ¬nh tá»§ láº¡nh cháº£y hÆ¡i báº©n Ä‘i ,0
306,Thoáº£i mÃ¡i tiá»‡n nghi NÃªn thay Ä‘á»“ phÃ²ng ,0
307,CÃ¡c nhÃ¢n viÃªn thÃ¢n thiá»‡n PhÃ²ng sáº¡ch lau chÃ¹i tÆ°Æ¡ng Ä‘á»‘i cáº©n tháº­n Äiá»u hÃ²a phÃ²ng 502 hÆ¡i yáº¿u ,0
308,PhÃ²ng sáº¡ch nhÃ¢n viÃªn nhiá»‡t tÃ¬nh KhÃ´ng mÃ¡y thá»ƒ truy cáº­p máº¡ng,0
309,GiÆ°á»ng ngá»§ thoáº£i mÃ¡i nhÃ¢n viÃªn thÃ¢n thiá»‡n bá»¥ng NÆ°á»›c vÃ²i hoa sen cháº£y yáº¿u báº¥t tiá»‡n sá»­ dá»¥ng,0
310,PhÃ²ng Äá»‹a thuáº­n lá»£i nhÃ¢n viÃªn thÃ¢n thiá»‡n PhÃ²ng táº§ng 6 k thang mÃ¡y tháº³ng yáº¿u ,0
311,ThÃ¡i Ä‘á»™ nhÃ¢n viÃªn nhÃ¢n viÃªn thÃ¢n thiá»‡n nhiá»‡t tÃ¬nh,0
312,Sáº¡ch thoÃ¡ng mÃ¡t NhÃ¢n viÃªn thÃ¢n thiá»‡n nhiá»‡t tÃ¬nh ,1
313,Báº¥t tiá»‡n Ä‘i thang láº§u 5 láº§u 6 Toilet há»‡ thá»‘ng yáº¿u cá»­a toilet Ä‘Ã³ng Ä‘Æ°á»£c,-1
314,Lá»… tÃ¢n sáº¡n nhiá»‡t tÃ¬nh yÃªu Nháº¥t Mr LÃ¢n mÃ¡y sáº¥y phÃ²ng,0
315,PhÃ²ng rá»™ng sá»§a sáº¡ch NhÃ¢n viÃªn thÃ¢n thiá»‡n CÃ¡ch Ã¢m tá»‘i khuya tiáº¿ng á»“n phÃ²ng láº§u ,0
316,KhÃ¡ch sáº¡n sáº¡ch thoÃ¡ng mÃ¡t D NhÃ¢n viÃªn thÃ¢n thiá»‡n Äi Trung tÃ¢m ,1
317,Nhá»¯ng ná»¥ cÆ°á»i áº¥m Ã¡p Minh House Sá»± yÃªn tÄ©nh tuyá»‡t vá»i gian kiáº¿n trÃºc Ä‘áº¹p chÄƒm chÃºt tá»‰ má»‰ Bá»¯a gian yÃªu ,1
318,NhÃ¢n viÃªn nháº¹ nhÃ ng gian Ä‘áº¹p phÃ²ng vÃ´ sáº¡ch yÃªu PhÃ²ng táº¯m máº¯c treo Ä‘á»“ ká»‡ sá»¯a táº¯m ,1
319,Bá»¯a ngon view Ä‘áº¹p tiá»‡n nghi nhÃ¢n viÃªn nhiá»‡t tÃ¬nh thoáº£i mÃ¡i CÃ³ há»™i Minhhouse,1
320,Phá»¥c vá»¥ thÆ°Æ¡ng nhiá»‡t tÃ¬nh niá»m ná»Ÿ PhÃ²ng tiá»‡n nghi thoáº£i mÃ¡i Chuyáº¿n bay tá»‘i phÃ²ng kÃ½ gá»­i hÃ nh kÃ½ miá»…n phÃ­ chiá»u tá»‘i sáº¡n phÃ²ng vá»‡ sinh thoáº£i mÃ¡i táº¯m rá»­a sáº¡ch mÃ¡y bay SÃ i GÃ²n Tuyá»‡t vá»i ,1
321,KhÃ´ng Náº¥u bá»¯a Phá»Ÿ gÃ³i Wifi máº·c Ä‘á»•i phÃ²ng,-1
322,má»i ok nhÃ¢n viÃªn báº£o vá»‡ ráº¥t nhiá»‡t tÃ¬nh phÃ²ng á»‘c sáº¡ch Ä‘á»‹a thuáº­n tiá»‡n Ä‘i du lá»‹ch bÃ  chá»§ nghá»‰ váº» hÆ¡i ,1
323,Ksan biá»ƒn Ä‘i phÃºt NhÃ¢n viÃªn nhiá»‡t tÃ¬nh Bá»¯a bÃ¬nh dao cáº¯t bÃ¡nh mÃ¬ ko sáº¡ch cáº¯t miáº¿ng bÃ¡nh mÃ¬ Ä‘en thui Dra giÆ°á»ng ko sáº¡ch phÃ²ng muá»—i vÃ²i sen phÃ²ng táº¯m cháº£y gia Ä‘Ã¬nh Ä‘á»•i phÃ²ng DÃ¹ nhÃ¢n viÃªn ksan nhiá»‡t tÃ¬nh chÃ³ng Ä‘á»•i phÃ²ng ,0
324,NhÃ¢n viÃªn vÃ´ thÃ¢n thiá»‡n vui sáº¡n phong rá»™ng rÃ£i sáº¡ch sáº¡n biá»ƒn Biá»ƒn ÄÃ  Náºµng sáº¡ch rÃ¢t Ä‘áº¹p thÃ¢n thiá»‡n ,1
325,Tiáº¿p tÃ¢n thÆ°Æ¡ng phá»¥c vá»¥ nhiá»‡t tÃ¬nh chu Ä‘Ã¡o chá»— nghá»‰ thoÃ¡i mÃ¡t Má»›i phÃ²ng hÆ¡i mÃ¹i tá»§ láº¡nh hoáº¡t Ä‘á»™ng,0
326,KhÃ¡ch sáº¡n biá»ƒn nhÃ¢n viÃªn thÃ¢n thiá»‡n nhiá»‡t tÃ¬nh buffet mÃ³n ngon phÃ²ng rá»™ng rÃ£i sáº¡ch CÃ³ kiá»‡n ,1
327,KhÃ¡ch sáº¡n Ä‘áº¹p tiá»‡n nghi nhÃ¢n viÃªn thÃ¢n thiá»‡n nhiá»‡t tÃ¬nh Ä‘i biá»ƒn 3 phÃºt ,1
328,PhÃ²ng ngá»§ há»£p lÃ½ vÃ³i giÃ¡ tiá»n cháº¥t khÃ­ phÃ²ng mÃ¹i hÃ´i thÃ´ng giÃ³ biá»‡n phÃ¡p kháº¯c phá»¥c sáº¡n 4 Ä‘áº¡t,-1
329,Tuyá»‡t LÃºc Ä‘áº§u phÃ²ng 2 giÆ°á»ng Alo phÃ²ng 1 giÆ°á»ng UP free phÃ²ng Suit phÃ²ng 1 Ráº¥t hÃ i cháº¯n láº¡i,1
330,QuÃ¡ tá»‡ Vá»‹ trÃ­ biá»ƒn thuáº­n lá»£i táº¯m biá»ƒn NhÃ¢n viÃªn phá»¥c vá»¥ tá»‡ KhÃ¡ch sáº¡n lá»«a dá»‘i chÆ°Æ¡ng trÃ¬nh phÃ¡o hoa KhÃ¡ch sáº¡n phiáº¿u tá»‘i phÃ¡o hoa lÆ°u trÃº sáº¡n lá»«a mua NhÃ  hÃ ng táº§ng 12 phá»¥c vá»¥ bá»¯a tá»‘i chÆ°Æ¡ng trÃ¬nh thá»±c cháº¥t k mua Khi mua phiáº¿u chá»§ hÃ ng thá»ƒ gá»i mÃ³n tá»‘i hÃ ng tá»‘i chá»‘i k phá»¥c vá»¥ KhÃ¡ch bÃ n cá»­a sá»• k dÆ°á»£c chá»• phÃ¡o hoa tá»‘i kÃª bÃ n bÃ¨ chá»§ sáº¡n tá»‘i NÃ³i nguoi chá»— thá»±c cháº¥t gia Ä‘Ã¬nh chá»§ ks NÃ³i xuáº¥t hÃ³a Ä‘Æ¡n k xuáº¥t KhÃ¡ch gá»i Ä‘iá»‡n nháº¯c k gá»­i TÃ³m táº¥t tá»‡ KhÃ´ng sáº¡n giÃ¡ ráº» ,-1
331,phÃ²ng á»•n sáº¡ch nhÃ¢n viÃªn nhiá»‡t tÃ¬nh thÃ¢n thiá»‡n mÆ°á»£n quáº¡t dc Ä‘Ã¡p á»©ng K ks bá»¯a k kiáº¿n Sang tiáº¿p ko j phÃ n nÃ n,1
332,khÃ¡ch sáº¡n nhÃ¢n viÃªn thÃ¢n thiá»‡n phong phÃº mÃ³n Ä‘áº·c sáº£n miá»n biá»ƒn sÃ´ng náº±m tuyáº¿n Ä‘Æ°á»ng trung tÃ¢m thÃ nh phá»‘ biá»ƒn sÃ´i Ä‘Ã´ng hÃ ng chÃºng hÃ i ,1
333,Bá»¯a thá»±c á»•n láº¯m NhÃ  2 7 30 Ä‘á»“ Cá»­a sá»• phÃ²ng lan can cháº¯n VÃ¬ gia Ä‘Ã¬nh Ä‘i bao giá»Ÿ tráº» sáº¡n phÃ²ng tá»· lá»‡ rá»§i ro ,-1
334,Sáº¡ch nhÃ¢n viÃªn phá»¥c vá»¥ TÃ´i hÃ i lÃ²ng,1
335,KhÃ¡ch sáº¡n phÃ²ng Ä‘áº¹p sáº¡ch NhÃ¢n viÃªn thÃ¢n thiá»‡n chu Ä‘Ã¡o Má»i hÃ i lÃ²ng,1
336,Bá»¯a ngon Ä‘a dáº¡ng PhÃ²ng Ä‘áº¹p sáº¡ch TÃ´i trá»Ÿ ,1
337,Bá»¯a ngon sáº¡n 4 khÃ¡c,0
338,khÃ¡ch sáº¡n biá»ƒn sÃ´ng nhÃ¢n viÃªn vui váº» nhiá»‡t tÃ¬nh phong phÃº mÃ³n ngon ,1
339,MÃ¬nh nghiá»‡m 1 Ä‘Ãªm ngáº¯n hÃ i nhÃ¢n viÃªn tÆ°Æ¡i cÆ°á»i giÃºp Ä‘á»¡ biá»ƒn hÃ i dá»‹p ğŸ˜˜,1
340,Touch cháº¡m cháº¡m trÃ¡i tim Anh chá»§ siÃªu thÆ°Æ¡ng thÃ¢n thiá»‡n PhÃ²ng sáº¡ch trang trÃ­ kute tone xanh tráº¯ng dá»‹u mÃ¡t gÃ³c sá»‘ng áº£o board game thÃº vá»‹ CÃ³ dá»‹p ghÃ© ÄÃ  Náºµng TrÆ°á»ng Trang Touch,1
341,anh chá»§ thÃ¢n thiá»‡n phÃ²ng ngá»§ tiá»‡n nghi phÃ²ng báº¿p náº¥u thoáº£i mÃ¡i trang trÃ­ Ä‘áº¹p thoáº£i mÃ¡i biá»ƒn tiá»‡n Ä‘i ngáº¯m máº·t trá»i má»c cáº¡nh mÃ³n ngon Ä‘i TÃ´i cá»±c kÃ¬ nhiá»‡t tÃ¬nh Ä‘Ã³n tiáº¿p chu Ä‘Ã¡o ná»¯a,1
342,Host cá»±c kÃ¬ cute Sáºµn giÃºp Ä‘á»¡ thÄƒm team tá»¥i Sáº½ giá»›i thiá»‡u bÃ¨ ghÃ© thÄƒm,1
343,Host super thÃ¢n thiá»‡n Cáº£ láº«n phÃ²ng ngá»§ xinh xáº¯n yÃªu Láº§n ÄN Touch 3,1
344,Ã”ng chá»§ thÃ¢n thiá»‡n NÃªn cáº£nh giÃ¡c thá»ƒ nghiá»‡n cháº£ ,1
345,MÃ¬nh 11 Ä‘i gá»­i chÃ¬a khÃ³a lá»… tÃ¢n dáº·n dá»n phÃ²ng giÃºp hÃ¬nh thay khÄƒn táº¯m than phiá»n clean sÃ n bathroom KhÃ¡ch sáº¡n biá»ƒn khu trung tÃ¢m Ä‘á»‹a ná»•i tiáº¿ng Náº¿u tiá»n Ä‘á»«ng báº©n ga tráº£i giÆ°á»ng khÄƒn táº¯m Ã©p bá»“i 15 báº©n 3 ga giÆ°á»ng váº¿t báº©n báº©n 3 ga toÃ¡n 3 ga vá»©t Ä‘i Há»‡ thá»‘ng 1 phÃ²ng mÃ¡y nÃ³ng hoáº¡t Ä‘á»™ng mÆ°a bÃ£o há»ng há»‡ thá»‘ng táº¯m 2 á» phÃ²ng thá»ƒ chá»‰nh nhiá»‡t Ä‘á»™ hÃ²a ,-1
346,PhÃ²ng á»‘c gá»n gÃ ng thoáº£i mÃ¡i Do check in giá»›i thiá»‡u phÃ²ng tiá»‡n nghi DHwon mong Ä‘á»£i giÃ¡ tiá»n NhÃ¢n viÃªn ná»¯ lá»‹ch thÆ°Æ¡ng Náº¿u ÄN ks lá»±a Ä‘áº§u tuÃªn du lá»‹ch cáº·p Ä‘Ã´i gÄ‘ chá»— nghá»‰ tÃºi tiá»n tiá»‡n nghi thoáº£i mÃ¡i ,1
347,GiÆ°á»ng ná»‡m lÃ² xo ná»‡m xáº¹p Ä‘i lÃ² xo náº±m cáº¥n lÆ°ng trá»Ÿ Ã¢m á»“n mÃ¡y nÃ³ng ti vi phÃ²ng giÃ¡ phÃ²ng giÃ¡ báº£o tá»‰ giÃ¡ Ä‘Ã´ ,-1
348,Vá»‹ trÃ­ Ä‘áº¹p uá»‘ng tiá»‡n lá»£i táº¡p hÃ³a siÃªu thá»‹ mini bÃ£i biá»ƒn ChÆ°a thang mÃ¡y,0
349,Tiá»‡n nghi sáº¡ch thÃ¡i Ä‘á»™ phá»¥c vá»¥ Nothing,1
350,NhÃ¢n viÃªn thÃ¢n thiá»‡n cháº¥t phÃ²ng giÃ¡ tiá»n,1
351,Chá»‹ lá»… tÃ¢n thÃ¢n thiá»‡n phÃ²ng á»‘c sáº¡ch tiá»‡n nghi Gáº§n bÃ£i táº¯m pháº¡m vÄƒn Ä‘á»“ng sáº¡ch Ä‘áº¹p ,1
352,NhÃ¢n viÃªn nhiá»‡t tÃ¬nh tiá»‡n nghi NÃªn cáº§u thang mÃ¡y Ä‘á»¡ má»i chÃ¢n,0
353,Thoáº£i mÃ¡i thÃ¢n thiá»‡n Ko thang mÃ¡y Äi báº¥t tiá»‡n,0
354,GiÆ°á»ng Ä‘Ãªm thoáº£i mÃ¡i Ãªm PhÃ²ng sáº¡ch thÃ¡i Ä‘á»™ nhÃ¢n viÃªn PhÃ²ng xuyÃªn khá»­ mÃ¹i ,1
355,NhÃ¢n viÃªn thÃ¢n thiá»‡n thuáº­n lá»£i biá»ƒn trung tÃ¢m thÃ nh phá»‘ yÃªn tÄ©nh,1
356,BÃ n cháº£i cá»©ng thá»ƒ Váº«n muá»—i nhiÃªn giÃ¡ thÃ nh ráº» tráº» kinh táº¿ tiá»‡n nghi sáº¡n Cáº§n vá»‡ sinh cÃ´n trÃ¹ng bÃ n cháº£i kem Ä‘Ã¡nh nÃ¢ng Ti vi kÃªnh giáº£i trÃ­ ,-1
357,NhÃ¢n viÃªn thÃ¢n thiÃªn nhiá»‡t tÃ¬nh CÃ³ lá»… tÃ¢n Ly cÆ°á»i chu Ä‘Ã¡o hÃ ng Ä‘i mua thuá»‘c NhÃ¢n viÃªn phá»¥c vá»¥ 1 sÃ³t Ä‘á»“ khach ngÃ³n cháº¡m Ä‘á»“ cÆ¡m canh ,0
358,Tiá»‡n nghi thoáº£i mÃ¡i nhÃ¢n viÃªn nhiá»‡t tÃ¬nh thÃ¢n thiá»‡n Tuy sáº¡n thÃ¡i Ä‘á»™ phá»¥c vá»¥ áº¥n tÆ°á»£ng dáº¥u áº¥n NhÆ°á»£c hÆ¡i phÃ²ng táº§ng sáº¡n náº±m Ä‘Æ°á»ng xÃ¢y di gá»i xe háº§u trá»¥c Ä‘Æ°á»ng View Ä‘áº¹p láº¯m,0
359,TÃ´i yÃªu tráº£i Ä‘Ãªm sáº¡n nhÃ¢n sinh nháº­t hÃ´m 03 12 NÃ³i tuyá»‡t vs giÃ¡ ,1
360,KhÃ´ng gian thoÃ¡ng Lá»… tÃ¢n thÃ¢n thiá»‡n nhiá»‡t tÃ¬nh TÃ¬nh tráº¡ng vá»‡ sinh sáº¡ch chuyáº¿n nghá»‰ ngÆ¡i gia Ä‘Ã¬nh ,1
361,NhÃ¢n viÃªn nhiá»‡t tÃ¬nh thÃ¢n thiá»‡n Vá»‹ trÃ­ biá»ƒn PhÃ²ng nghá»‰ thoáº£i mÃ¡i yÃªn tÄ©nh Dá»n phÃ²ng hÃ ng sÆ¡ sÃ i sáº¡ch láº¯m Äá»“ ngon phong phÃº láº¯m ,0
362,PhÃ²ng nghá»‰ cháº­t chá»™i j booking cáº£m giÃ¡c lá»«a vá»‡ sinh bá»‘c mÃ¹i k thá»ƒ kháº¯c phá»¥c nhÃ¢n viÃªn k há» K bao h láº¡i,-1
363,GiÆ°á»ng thoáº£i mÃ¡i cá»­a biá»ƒn NhÆ°ng tÆ°Æ¡ng lai ko há»™i Ä‘c vi cÃ´ng trÃ¬nh xÃ¢y dÆ°ng che táº§m NhÃ¢n viÃªn phá»¥c vá»¥ nhiá»‡t tÃ¬nh phÃ²ng sáº¡ch thiáº¿t giÃ¡ vs thu nháº­p bÃ¬nh Gáº·p chÃºt vs báº£o vá»‡ thuÃª xe mÃ¡y khu xÃ¢y dá»±ng Ä‘Æ°á»ng ko Ä‘c sáº¡ch ,1
364,Ná»™i tháº¥t phÃ²ng chuáº©n CÃ³ dá»n phÃ²ng hÃ ng NhÃ¢n viÃªn dá»n dáº¹p lá»… tÃ¢n nhiá»‡t tÃ¬nh Vá»‹ trÃ­ biá»ƒn PhÃ²ng hÆ¡i KhÃ¡ch sáº¡n táº§m Ä‘áº¹p láº¯m Tiá»n thuÃª xe san liÃªn há»‡ hÆ¡i máº¯c xe NÆ°á»›c cháº£y yáº¿u vÃ²i sen Buá»•i hÆ¡i mÃ³n ,0
365,Gáº§n biá»ƒn NhÃ  vá»‡ sinh thoÃ¡t kÃ©m phÃ²ng muá»—i Ã¢m kÃ©m má»³ liá»n phÃ²ng bÃ¬nh Ä‘un siÃªu tá»‘c,-1
366,KhÃ¡ch sáº¡n sáº¡ch NhÃ¢n viÃªn vui váº» nhiá»‡t tÃ¬nh Buá»•i hÆ¡i mÃ³n mÃ³n hÃ ng PhÃ²ng hÆ¡i nhá»,0
367,PhÃ²ng trang tiá»‡n nghi sáº¡ch KhÃ´ng thÃ­ch,1
368,NhÃ¢n viÃªn phá»¥c vá»¥ nhiá»‡t tÃ¬nh PhÃ²ng sáº¡ch dá»n Mini bar phÃ²ng menu giÃ¡ cá»±c ká»³ há»£p lÃ½ ğŸ˜™ MÃ¬nh ngáº¯m cáº£nh phÃ²ng cá»­a sá»• phÃ²ng view ko Ä‘áº¹p ğŸ˜‚ CÆ¡ giÃ¡ phÃ²ng ko ,1
369,Chá»‹ chá»§ nhÃ¢n viÃªn nhiá»‡t tÃ¬nh thÃ¢n thiá»‡n PhÃ²ng gá»n gÃ ng dá»n dáº¹p sáº¡ch Gáº§n bÃ£i biá»ƒn Ä‘i 2 phÃºt 59 giÃ¢y NÃ³i ok Nothing ,1
370,NhÃ¢n viÃªn TÆ° váº¥n nhiá»‡t tÃ¬nh PhÃ²ng sáº¡ch Äi biá»ƒn 7 p Ko thang mÃ¡y HÆ¡i khu trung tÃ¢m Ä‘i Ä‘Æ°á»ng Nguyá»…n VÄƒn Thoáº¡i 10 p PhÃ²ng sáº¡n cáº¡nh xÃ¢y che táº§m biá»ƒn,0
371,PhÃ²ng Ä‘áº¹p sáº¡ch thoÃ¡ng CÃ¡ch phá»¥c vá»¥ nhÃ¢n viÃªn sáº¡n chu Ä‘Ã¡o Ã¢n phÃ²ng trá»… 1 h KhÃ¡ch sáº¡n bÃ£i xe hÃ´ng rá»™ng thuáº­n tiá»‡n ,1
372,giÆ°á»ng Ãªm mÃ¡y nÃ³ng nhÃ¢n viÃªn thÃ¢n thiá»‡n giÆ°á»ng sáº¡ch wifi yáº¿u,0
373,PhÃ²ng sáº¡ch yÃªn tÄ©nh giÃ¡ tiá»n Ná»‡m lÃºn,1
374,Chá»‹ chá»§ thÆ°Æ¡ng nhiá»‡t tÃ¬nh láº¯m Há»‡ thá»‘ng láº¯m,0
375,Gáº§n du lá»‹ch Ä‚n uá»‘ng xung quanh ráº» NhÃ¢n viÃªn thÆ°Æ¡ng Wifi hÆ¡i yáº¿u,1
376,NhÃ¢n viÃªn cá»±c cá»±c ká»³ thÃ¢n thiá»‡n nhiá»‡t tÃ¬nh chu Ä‘Ã¡o Do Ã¢m Ä‘Ã´i tiáº¿ng á»“n tráº» NgÃ y muá»—i phÃ²ng ,0
377,Má»i á»•n truyá»n hÃ¬nh cÃ¡p tÃ­n hiá»‡u internet yáº¿u cháº­p chá»n Tá»•ng thá»ƒ á»•n giÃ¡ tiá»n phÃ²ng ,0
378,PhÃ²ng sáº¡ch nhÃ¢n viÃªn thÃ¢n thiá»‡n KhÃ´ng chá»— phÆ¡i quáº§n Ã¡o,0
379,KhÃ¡ch sáº¡n sáº¡ch thuáº­n lá»£i giÃ¡ há»£p lÃ½ Giao phÃ²ng thÃ¡i Ä‘á»™ nhÃ¢n viÃªn chá»‹u,0
380,NhÃ¢n viÃªn táº­n tÃ¬nh biá»ƒn giÃ¡ phai láº£ hÃ i lÃ²ng,1
381,NhÃ¢n viÃªn phá»¥c vá»¥ chu Ä‘Ã¡o GiÃ¡ OK ,1
382,MÃ¬nh sÃ¢n bay 12 h Ä‘Ãªm sáº¡n nhiá»‡t tÃ¬nh NÃ³i hÃ i lÃ²ng,1
383,GiÆ°á»ng thoáº£i mÃ¡i NhÃ¢n viÃªn thÃ¢n thiá»‡n Gáº§n biá»ƒn Xa trung tÃ¢m KhÃ´ng á»• Ä‘iá»‡n cáº¯m mÃ¡y sáº¥y phÃ²ng táº¯m,0
384,Má»i nhiá»‡t tÃ¬nh vui váº» giÃ¡ tiá»n PhÃ²ng kiáº¿n hÆ¡i nhá»,0
385,ThÃ¡i Ä‘á»™ phá»¥c vá»¥ nhÃ¢n viÃªn nhiá»‡t tÃ¬nh chu Ä‘Ã¡o KhÃ¡ch sáº£n táº§ng láº¯p thang mÃ¡y,0
386,NhÃ¢n viÃªn nhiá»‡t tÃ¬nh thÃ¢n thiá»‡n Äáº§y tiá»‡n nghi thuÃª xe giÃ¡ Ä‘á»‹a Ä‘áº¹p,1
387,Gáº§n biá»ƒn PhÃ²ng táº§ng hÆ¡i á»“n PhÃ²ng tá»‘i vá»‡ sinh sáº¡ch,-1
388,Bá»¯a ngon ráº» há»£p vá»‡ sinh NÆ°á»›c táº¯m táº§ng 4 hÆ¡i yáº¿u,1
389,NhÃ¢n viÃªn cá»Ÿi thÃ¢n thiáº¿t cháº¥t phá»¥c vá»¥ chu Ä‘Ã¡o Äi biá»ƒn hÆ¡i bÃ£i táº¯m,1
390,PhÃ²ng sáº¡ch CÃ´ chá»§ thÃ¢n thiá»‡n Äá»“ sáº¡n ráº»,1
391,Ks Ä‘áº¹p sáº¡ch biá»ƒn wifi mÃ¡y láº¡nh cÄƒng Ä‘Ã©t chá»§ láº«n nhÃ¢n viÃªn nhiá»‡t tÃ¬nh thÆ°Æ¡ng á»•n táº§m giÃ¡ ,1
392,Dá»‹ch vá»¥ tuyá»‡t vá»i nhÃ¢n viÃªn nhiá»‡t tÃ¬nh thá»©c ngon há»£p kháº©u vá»‹ ghÃ© káº¿ tiáº¿p Má»i ok giÃ¡ ,1
393,GiÃ¡ bao Ä‘Æ¡n giáº£n NhÃ¢n viÃªn cá»±c ká»³ nhiá»‡t tÃ¬nh thoáº£i mÃ¡i Äáº·c biá»‡t Vove mÃ´t quáº§y bar thÆ°Æ¡ng há»£p hÆ°á»Ÿng thá»©c cafe ngáº¯m cáº£nh ,1
394,Äi tÆ°Æ¡ng Ä‘á»‘i hotel Nay thá»­ 1 hostel máº¥y ghÃ© ÄÃ  Náºµng giá»›i thiá»‡u PhÃ²ng sáº¡ch mÃ u thÆ°Æ¡ng Äi trÃºng hÃ´m Ä‘Ã´ng bao thoáº£i mÃ¡i NhÃ¢n viÃªn nhiá»‡t tÃ¬nh tÆ° váº¥n chá»— Ä‘i bÃ© quáº£n lÃ½ chÄƒm BÃªn cáº¡nh bar ÄÆ¡n vá»‹ tui bá»¥i bá»¥i cháº¥t cháº¥t pháº¿t Giá»‘ng sinh TÃºm tinh tháº§n hostel ngon ráº» hÆ¡i bá»• he he ,1
395,MÃ¬nh hi vá»ng dá»n phÃ²ng Ä‘á»• rÃ¡c KhÃ´ng MÃ¬nh 3 thá»ƒ á»•n láº¯m Tá»‘t Ä‘á»• hj,-1
396,Bá»¯a ngon miá»‡ng nhÃ¢n viÃªn thÆ°Æ¡ng lá»‹ch KhÃ´ng phÃ n nÃ n gÃ¬,1
397,KhÃ´ng gian yÃªn tÄ©nh mÃ¡t máº» CÃ³ phÃ²ng mÃ¡y láº¡nh wifi miá»…n phÃ­ NhÃ¢n viÃªn hiáº¿u nhiá»‡t tÃ¬nh TÃ´i thoáº£i mÃ¡i Vove hostel ,1
398,Äá»‹a yÃªn tÄ©nh gian xung quanh á»•n Äá»“ phong phÃº bÃ£i biá»ƒn di thuáº­n tiá»‡n nhÃ¢n viÃªn nhÃ£ nháº·n máº¿n LÃ  lá»±a tiá»n giÃ¡ tÆ°Æ¡ng Ä‘Æ°Æ¡ng TÃ´i trá»Ÿ dá»‹p ÄÃ  Náºµng ,1
399,NhÃ¢n viÃªn thÃ¢n thiá»‡n nhiá»‡t tÃ¬nh giÃºp Ä‘á»¡ hÃ i nhÃ¢n viÃªn phÃ²ng sáº¡ch mÃ³n ngon dá»‹p ÄÃ  Náºµng á»§ng há»™ Sabina PhÃ²ng Standard hÆ¡i khÃ´ng gian gÄ‘ 6 ng thá»ƒ giÆ°á»ng,1
400,Bá»¯a ngon view Ä‘áº¹p toÃ n thÃ nh phá»‘ biá»ƒn Äá»‹a cÃ´ng viÃªn biá»ƒn Ä‘Ã´ng thuáº­n tiÃªn vui Ná»™i tháº¥t hiá»‡n Ä‘áº¡i sáº¡ch Ä‘á»“ thiáº¿t PhÃ²ng hÆ¡i cháº­t Bá»‘ trÃ­ á»• cáº¯m Ä‘iá»‡n há»£p lÃ½ á»• cáº¯m báº¥t tiá»‡n RÃ¨m cáº£n sÃ¡ng dáº­y ,1
401,bá»¯a ngon mÃ³n uá»‘ng cafe sá»¯a khÃ¡ch sáº¡n biá»ƒn ra cá»­a Ä‘i táº§m chÃ¢n biá»ƒn khÃ¡ sáº¡ch tuy nhiÃªn phÃ²ng diá»‡n tÃ­ch khiÃªm tá»‘n cÃ³ láº½ phÃ²ng bÃ¬nh cÃ²n phÃ²ng to rá»™ng view Ä‘áº¹p nhÃ¢n viÃªn phá»¥c vá»¥ nhiá»‡t tÃ¬nh MÃ¬nh thuÃª ná»­a bÃ¬nh phÃ²ng 18 h bay muá»™n sáº¡n kiá»‡n phÃ²ng muá»™n 1 h 19 h phÃ­ Má»i tiá»‡n lá»£i tour nÃ  cÃ¹ lao chÃ m thuÃª xe mÃ¡y ks ChÃºc sáº¡n thuáº­n lá»£i ,1
402,Äá»‹a thuáº­n tiá»‡n biá»ƒn NhÃ¢n viÃªn nhiá»‡t tÃ¬nh Ä‘Ã´i hÆ¡i cháº­m Phá»¥c vá»¥ phÃ²ng sáº¡ch Bá»¯a á»•n Tuy nhiÃªn phÃ²ng ban cÃ´ng hÆ¡i bÃ­ chÃºt hÃ²a thuáº­n tiá»‡n láº¯m,0
403,PhÃ²ng vá»‡ sinh sáº¡ch hÃ ng xung quanh quÃ¡n biá»ƒn PhÃ²ng 4 vá»‡ sinh hÃ´m 4 khÄƒn hÃ´m 2 khÄƒn cÃ´ng gá»i lá»… tÃ¢n nháº¯c Ä‘em 2 chai free 4 ngÆ°á»i,1
404,Má»™i NhÃ¢n viÃªn hÃ²a Ä‘á»“ng Tá»‘t Tuy nhiÃªn lÆ°u nhÃ¢n viÃªn lá»… tÃ¢n xáº¥u máº·t CÃ¡c bÃ n giao chÃ¬a khÃ³a ko cáº©n tháº­n chÃ¬a khÃ³a thá»©c bÃ y kiá»ƒu quáº§y NhÃ¢n viÃªn pháº­n máº·c Ä‘á»“ quáº§y Ã¡nh máº¯t trá»i rá»›t ,0
405,Bá»¯a thÃ¡i Ä‘á»™ phá»¥c vá»¥ nhÃ¢n viÃªn thÃ¢n thiá»‡n PhÃ²ng á»“n Ã¢m RÃ¨m má»ng phÃ²ng há»£p tráº» Wiffi kÃ©m,-1
406,Chá»— nghá»‰ sáº¡ch nhÃ¢n viÃªn vui váº» thÃ¢n thiá»‡n Ráº¥t biá»ƒn Ä‘i tháº³ng 500 m quÃ¡n tiá»‡n Tá»§ Ä‘á»“ mÃ¹i sÆ¡n gá»—,1
407,NhÃ¢n viÃªn cáº©n tháº­n gá»i Ä‘iá»‡n chu Ä‘Ã¡o sáº¡n MÃ¬nh thuÃª sáº¡n bá»‘ máº¹ Ä‘i du lá»‹ch pháº£n Ã¡nh nhÃ¢n viÃªn xáº¿p táº§ng 9 phÃ²ng á»“n bÃ© NhÃ¬n rá»™ng rÃ£i áº£nh hÆ°á»›ng phÃ²ng cá»­a sá»• NgoÃ i giÃ¡ Booking Ä‘áº¯t giÃ¡ thuÃª ,-1
408, Ä‚n buffet NhÃ¢n viÃªn niá»m ná»Ÿ phá»¥c vá»¥ 1 2 PhÃ²ng sáº¡ch View phÃ²ng deluxe 2 giÆ°á»ng Ä‘Ã´i á»•n biá»ƒn thÃ nh phá»‘ sÃ´ng hÃ n GiÃ¡ phÃ²ng á»•n cháº¥t phá»¥c vá»¥ MÃ¬nh mÃ¹a MÃ³n buffet Ä‘a dáº¡ng chÃºt tuyá»‡t Náº¿u bar sÃ¢n thÆ°á»£ng táº­n dá»¥ng view Ä‘áº¹p tuyá»‡t háº£o hÆ¡n,1
409,Phá»¥c vá»¥ chu Ä‘Ã¡o bá»¯a buffe ngon áº¤n tÆ°á»£ng ÄÃ  Náºµng bá»¥ng thÃ¢n thiá»‡n CÃ³ dá»‹p trá»Ÿ PhÃ²ng Ã¢m tiáº¿ng á»“n hÆ¡i kÃ©m ,1
410,nhÃ¢n viÃªn nhiá»‡t tÃ¬nh vui váº» phÃ²ng Ã³c sáº¡n ok Ä‘á»“ Ä‘a dáº¡ng dá»‹p thuÃª sáº¡n ko phÃ n nÃ n,1
411,Chá»— biá»ƒn Ä‘i thuáº­n tiá»‡n nhÃ¢n viÃªn phá»¥c vá»¥ nhiÃªn tÃ¬nh bá»¯a ngon ,1
412,NhÃ¢n viÃªn thÃ¢n thiá»‡n phÃ²ng sáº¡ch thoáº£i mÃ¡i biá»ƒn Bá»¯a ngon Ä‘a dáº¡ng mÃ³n ná»¯a,1
413,PhÃ²ng standar hÆ¡i bÃ­ cá»­a sá»• KS bÃ© mong Ä‘á»£i KhÃ²ng cá»­a sá»• ,-1
414,Ä‚n bÃ¬nh phÃ²ng ngá»§ gá»n gÃ ng phÃ²ng vá»‡ sinh tá»‘t,1
415,NhÃ¢n viÃªn phá»¥c vá»¥ chu Ä‘Ã¡o nhiá»‡t tÃ¬nh Äá»‹a phÃ²ng Ok chi phÃ­ ,1
416,Phá»¥c vá»¥ nhiá»‡t tÃ¬nh CHá»‹ quáº£n lÃ­ máº­p máº­p thÆ°Æ¡ng thiáº¿t káº¿ tá»§ quáº§n Ã¡o báº¥t tiá»‡n á»• cáº¯m Ä‘iá»‡n báº¥t tiá»‡n,0
417,Bá»¯a Ä‘a dáº¡ng phÃ²ng sáº¡ch nhÃ¢n viÃªn thÃ¢n thiá»‡n,1
418,NhÃ¢n viÃªn thÃ¢n thiá»‡n ok Trong phÃ²ng á»• cáº¯m Ã¢m tá»‘t,0
419,NhÃ¢n viÃªn vÃ´ thÃ¢n thiá»‡n ná»Ÿ ná»¥ cÆ°á»i PhÃ²ng sáº¡ch thoáº£i mÃ¡i Nháº¥t Ä‘á»‹nh láº¡i,1
420,GiÆ°á»Ÿng phÃ²ng táº¯m Vá»‹ trÃ­ phÃ²ng PhÃ²ng náº±m khu báº¿p sáº¡n tiáº¿ng á»“n thá»ƒ ngá»§ Ä‘Æ°á»£c,0
421,GiÃ¡ há»£p lÃ½ NhÃ¢n viÃªn thÃ¢n thiá»‡n PhÃ²ng hÆ¡i bÃ­ cá»­a sá»• v náº±m cao,0
422,PhÃ²ng sáº¡ch tiá»‡n nghi Äiá»u hÃ²a hÆ¡i nÃ³ng á»• cáº¯m Ä‘iá»‡n,0
423,PhÃ²ng sáº¡ch Ä‘áº¹p wifi ÄÆ°á»ng ks hÆ¡i háº¹p Ã´ tÃ´ Ä‘á»— láº¡i,1
424,Sáº¡ch Tiá»‡n nghi NhÃ¢n viÃªn vui váº» hÃ²a Ä‘á»“ng thÃ¢n thiá»‡n,1
425,NhÃ¢n viÃªn nhiá»‡t tÃ¬nh So giÃ¡ tiá»n thá»ƒ phÃ²ng cá»­a sá»•,0
426,Äá»‹a thuáº­n lá»£i NhÃ¢n viÃªn phá»¥c vá»¥ Thiáº¿t káº¿ vá»‡ sinh thuáº­n tiá»‡n Bá»¯a kÃ©o ,0
427,Vá»‹ trÃ­ biá»ƒn thuáº­n tiá»‡n NV lá»‹ch thÃ¢n thiá»‡n Chá»‰ cáº£i thiá»‡n Ã¢m phÃ²ng hoÃ n thiÃªn CÃ¡ch Ã¢m phÃ²ng vs phÃ²ng táº¯m khu vá»±c hoÃ n háº£o láº¯m,0
428,KhÃ¡ch sáº¡n náº±m biá»ƒn lÃ½ tÆ°á»Ÿng du lá»‹ch biá»ƒn PhÃ²ng á»‘c tiá»‡n nghi trá»ng NhÃ¢n viÃªn vui váº» thÃ¢n thiá»‡n TÃ´i ká»³ nghá»‰ thoáº£i mÃ¡i sáº¡n HÃ¹ng Anh ,1
429,nhÃ¢n viÃªn báº£o ko dá»‹ch vá»¥ booking tiá»n báº£ng giÃ¡ niÃªm yáº¿t sáº¡n giÃ¡ nhÃ¢n viÃªn bÃ¡o giÃ¡ lung tung Ä‘áº§u booking giÃ¡ 1 000 000 sáº¡n nhÃ¢n viÃªn lá»… tÃ¢n Máº«n báº£o ko dá»‹ch vá»¥ booking báº£o giÃ¡ phÃ²ng 2 1 400 000 VNÄ booking vn nhÃ¢n viÃªn báº£o giÃ¡ 1 200 000 VNÄ,-1
430,Bá»¯a ngon mÃ³n PhÃ²ng Ä‘áº¹p rá»™ng rÃ£i thoáº£i mÃ¡i NhÃ¢n viÃªn nhiá»‡t tÃ¬nh ,1
431,KhÃ¡ch sáº¡n Ä‘á»‘i diá»‡n bÃ£i biá»ƒn xe mÃ¡y thuÃª sáº¡ch tá»‘i thá»ƒ dáº¡o bÃ£i biá»ƒn Ä‘áº¹p ,1
432,Äá»‹a thuáº­n tiá»‡n biá»ƒn giÃ¡ phÃ²ng há»£p lÃ½ phÃ²ng sáº¡ch sáº½,1
433,Bá»¯a ngon mÃ³n KhÃ¡ch sáº¡n biá»ƒn Ráº¥t tiá»‡n lá»£i ,1
434,Bá»¯a hÆ¡i mÃ³n ngon giÆ°á»ng rá»™ng thoáº£i mÃ¡i NgÃ y nhÃ¢n viÃªn dá»n phÃ²ng trang sá»¯a táº¯m dáº§u gá»™i ,0
435,Bá»¯a ngon lá»±a sáº¡n Ä‘áº¹p phÃ²ng gá»n gÃ ng dá»n phÃ²ng nhÃ¢n viÃªn thÃ¢n thiá»‡n,1
436,Phong phá»¥c vá»¥ thÃ¢n thiá»‡n chi phÃ­ dá»‹ch vá»¥ uá»‘ng ,0
437,View biá»ƒn Ä‘áº¹p PhÃ²ng táº¯m lÃ£ng máº¡n GiÆ°á»ng rá»™ng thoáº£i mÃ¡i Bá»¯a ngon thá»ƒ biá»‡t miá»n,1
438,ThÃ­ch phá»¥c vá»¥ nhÃ¢n viÃªn lá»… tÃ¢n Lá»… tÃ¢n ks nÃ³ng thang mÃ¡y cháº­m lá»‘i Ä‘i nho phÃ²ng hÃ´i ko thoáº£i mÃ¡i phá»¥c vá»¥ cháº­m nhÃ¢n viÃªn lá»… tÃ¢n kinh nghiá»‡m la dá»‹ch vá»¥ ko quáº£n lÃ½ ,-1
439,PhÃ²ng nghá»‰ sáº¡ch ChÃ¡o ngon Äá»“ mÃ¬ xÃ o ngon ÄÃ¨n chiáº¿u gÆ°Æ¡ng phÃ²ng táº¯m bÃ© tá»‘i Cá»­a sá»• phÃ²ng nghá»‰ tháº³ng quan tÃ i ,0
440,TÃ´i nÃ¢ng phÃ²ng phÃ­ PhÃ²ng trÃ­ Ä‘áº¹p view tÃ²a hÃ nh cá»­a sá»• Ä‘áº¹p PhÃ²ng sáº¡ch nhÃ¢n viÃªn sá»©c nhiá»‡t tÃ¬nh CÃ³ sky bar toÃ n cáº£nh thÃ nh phá»‘ thÃº vá»‹ Äá»“ hÃ¬nh thá»©c gá»i mÃ³n thá»©c phong phÃº náº¥u ngon láº¯m ,1
441,CÃ³ view Ä‘áº¹p táº§ng thÆ°á»£ng thoáº£i mÃ¡i ngáº¯m cáº£nh thÃ nh phá»‘ cáº§u Rá»“ng Xe thuÃª thá»±c láº¯m NhÆ°ng nhÃ¢n viÃªn ks Ä‘á»•i xe hÃ´m ,1
442,NhÃ¢n viÃªn thÃ¢n thiá»‡n nhiá»‡t tÃ¬nh Khi chá»— ngon tiáº¿p tÃ¢n háº³n list mÃ³n bÃ¡nh xÃ¨o mÃ¬ quáº£ng bÃºn máº¯m cháº£ cÃ¡ háº£i sáº£n NgoÃ i giÆ°á»ng gá»‘i mÃ¡y láº¡nh váº­t dá»¥ng Äáº·c biá»‡t sáº¡n view Ä‘áº¹p Ä‘á»‹a thuáº­n lá»£i Ä‘i MÃ¡y nÃ³ng nÃ³ng láº¡nh KhÃ´ng á»•n Ä‘á»‹nh Cháº³ng Ä‘Æ°á»ng ,1
443,KhÃ¡ch sáº¡n chiá»u Phá»¥c vá»¥ salad ngon 3,1
444,Thiáº¿t tá»‡ nhÃ¢n viÃªn kÃ©m lá»‹ch PhÃ²ng nghá»‰ dÆ¡ báº©n,-1
445,Vá»‹ trÃ­ táº§m tuyá»‡t Ä‚n ko Ä‘a dáº¡ng,0
446,Vá»‹ trÃ­ view lá»… tÃ¢n CÃ¡ch phá»¥c vá»¥ cáº£i thiá»‡n thÃ¡i Ä‘á»™ phá»¥c vá»¥ Má»™t trá»« ,0
447,PhÃ²ng rá»™ng sáº¡ch view Ä‘áº¹p NhÃ¢n viÃªn thÃ¢n thiá»‡n giÃ¡ Cháº¯c cháº¯n ,1
448,Vá»‹ trÃ­ Ä‘áº¹p Cá»­a sá»• view sÃ´ng tuyá»‡t vá»i WC xáº£ hÆ¡i yáº¿u,0
449,NhÃ¢n viÃªn phá»¥c vá»¥ nhiá»‡t tÃ¬nh phÃ²ng Ä‘áº¹p thoáº£i mÃ¡i KÃ¬ nghá»‰ tuyá»‡t Bá»¯a Ä‘Æ¡n giáº£n ,1
450,PhÃ²ng rá»™ng KhÃ¡ch sáº¡n 2 3 máº¡ng,0
451,Bá»¯a mÃ³n láº¯m á»•n NhÃ¢n viÃªn nhiá»‡t tÃ¬nh phÃ²ng á»‘c sáº¡ch sÃ´ng HÃ n ,1
452,NhÃ¢n viÃªn nhiá»‡t tÃ¬nh hÆ°á»›ng táº­n tÃ¬nh Ä‘á»‹a vui PhÃ²ng sáº¡ch nhiÃªn hÃ¬nh 3 bá»“n táº¯m,0
453,View táº§ng thÆ°á»£ng Ä‘áº¹p phÃ²ng sáº¡ch tiá»‡n nghi NhÃ¢n viÃªn vui váº» KhÃ´ng gian hÆ¡i phá»¥c vá»¥ cháº­m book mÃ³n ,1
454,Äiá»ƒm tÃ¢m nghÃ¨o nÃ n phá»¥c vá»¥ chuyÃªn nghiá»‡p kiá»ƒu gia Ä‘Ã¬nh ,-1
455,Bá»¯a bá»• sung mÃ³n phong phÃº hÆ¡n,0
456,Bá»¯a ngon nhÃ¢n viÃªn nhiá»‡t tÃ¬nh View Xe mÃ¡y thuÃª hÆ¡i cÅ©,1
457,View phÃ²ng biá»ƒn Ä‘áº¹p PhÃ²ng suite cá»­a sá»• gian phÃ²ng thoÃ¡ng Thiáº¿t káº¿ ná»™i tháº¥t há»£p lÃ½ tiá»‡n lá»£i KhÄƒn táº¯m khÄƒn máº·t tráº¯ng Bá»¯a phong phÃº MÃ³n ,1
458,MÃ¬nh phÃ²ng Deluxe view sea view ok KhÃ¡ch sáº¡n sáº¡ch chÄƒn ga thÆ¡m tho bÃ£i biá»ƒn trung tÃ¢m hÆ¡i bÃ£i máº·t sáº¡ch láº¯m Buffet ngon Ä‘a dáº¡ng nháº¡c jazz tá»‘i design sáº¡n há»£p lÃ½ máº¯t Äiá»ƒm trá»« giÆ°á»ng hÆ¡i yáº¿u hoáº¡t Ä‘á»™ng tÃ­ rung ,1
459,ThÃ¡i Ä‘á»™ nhÃ¢n viÃªn LÃºc phÃ²ng phÃ²ng mÃ¹i hÆ¡i cÃ´n trÃ¹ng phÃ²ng phÃ²ng tá»‘i,0
460,KhÃ¡ch sáº¡n náº±m biá»ƒn view tuyá»‡t Ä‘áº¹p NhÃ¢n viÃªn thÃ¢n thiá»‡n nhiá»‡t tÃ¬nh PhÃ²ng Ä‘áº¹p tÃºi tiá»n Biá»ƒn sáº¡n váº¯ng rÃ¡c bao mÃ¬ tÃ´m bá»c ni lon há»™p sá»¯a mÄ©nh thuyá»n Ä‘Ã¡nh cÃ¡ tháº£ biá»ƒn,1
461,Bá»¯a Ä‘a dáº¡ng Buá»•i tá»‘i biá»ƒu diá»…n Ã¢m nháº¡c Ná»™i tháº¥t sáº¡ch KhÃ¡ch sáº¡n Ä‘á»‘i diá»‡n biá»ƒn bÃ£i táº¯m trung tÃ¢m BÃ£i táº¯m Ä‘á»‘i diá»‡n ks biá»ƒn cáº¥m táº¯m,0
462,Bá»¯a ngon mÃ³n nhÃ¢n viÃªn thÃ¢n thiá»‡n nhiá»‡t tÃ¬nh view ban cÃ´ng biá»ƒn siÃªu Ä‘áº¹p nháº¡c Ä‘Ã i phÃ¡t quÃ¡n cafe chiá»u tá»‘i Gia Ä‘Ã¬nh ká»³ nghá»‰ tuyá»‡t vá»i Má»™t trá»« wifi sáº¡n yáº¿u ,1
463,NhÃ¢n viÃªn thÃ¢n thiá»‡n thÆ°Æ¡ng cáº£m giÃ¡c thoáº£i mÃ¡i BÃªn sáº¡n quÃ¡n cÃ  phÃª tiá»‡n Äá»“ng thá»i háº±ng Ä‘Ãªm 8 h hÃ¡t live thÃº vá»‹ Bá»¯a mÃ³n Ngay biá»ƒn giÃ³ biá»ƒn mÃ¡t PhÃ²ng tiá»‡n nghi sáº¡ch Gáº§n sáº¡n Ä‘á»‹a chá»§ yáº¿u hÃ ng háº£i sáº£n biá»ƒn PhÃ²ng hÆ¡i á»•n ,1
464,NhÃ¢n viÃªn phá»¥c lá»… tÃ¢n vui váº» máº¿n Viá»‡c chuáº©n chá»— táº¯m khÄƒn sáº¡ch sáºµn sÃ ng 1 bá»¯a ngon láº¯m thá»©c láº·p Ä‘Æ¡n Ä‘iá»‡u mÃ³n Phá»Ÿ MÃ¬ Quáº£ng bÃºn cháº£ tá»‡ ,0
465,Ngay Ä‘á»‘i diá»‡n biá»ƒn dá»‹ch vá»¥ cá»™ng phao bÆ¡i vÃ²i trá»i khÄƒn lau ca nháº¡c hÃ ng Ä‘Ãªm nhÃ¢n viÃªn thÃ¢n thiá»‡n hÃ²a nhÃ£ Nha hÃ ng tÆ°Æ¡i ,1
466,PhÃ²ng sáº¡ch thá»ƒ ngáº¯m biá»ƒn Ä‘Ãªm bÃ¬nh minh NhÃ¢n viÃªn thÃ¢n thiá»‡n nhiá»‡t tÃ¬nh ,1
467,Bá»¯a á»•n nhÆ°ng phÃ²ng Ä‘Ã¨n ,0
468,HÆ°á»›ng phÃ²ng biá»ƒn Ä‘áº¹p vá»‡ sinh sáº¡ch ká»‹p thá»i lá»… tÃ¢n niá»m ná»Ÿ chu Ä‘Ã¡o Bá»¯a Ä‘Æ¡n Ä‘iá»‡u sÆ¡ sÃ i,1
469,ban cÃ´ng ngáº¯m biá»ƒn giÆ°á»ng Ãªm wc sáº¡ch rá»™ng phÃ²ng ngá»§ mong Ä‘á»£i khÄƒn táº¯m váº» cÅ©,1
470,MÃ³n ngon pizza nháº¡c khÃ­ vui váº» ,1
471,NhÃ¢n viÃªn thÃ¡i Ä‘á»™ tiá»‡n nghi bÃ¬nh giÃ¡ cao,0
472,Bá»¯a ok bÃ¡nh ngon Ä‘a dáº¡ng Tá»‘i tÆ° nháº¡c sá»‘ng thÃº vá»‹ Há»‡ thá»‘ng nÃ³ng láº¡nh NhÃ¢n viÃªn chuyÃªn nghiá»‡p ,0
473,MÃ³n bá»¯a ko phong phÃº 2 mÃ³n ,0
474,Dá»n phÃ²ng sáº¡ch khu táº¯m ko cá» tÆ°á»ng kÃ­nh Cá»­a ban cÃ´ng rá»‰ sÃ©t Ä‘Ã³ng,-1
475,Vá»‹ trÃ­ BÃ£i biá»ƒn Ä‘áº¹p NhÃ¢n viÃªn thÃ¢n thiá»‡n vui váº» ,1
476,Gáº§n biá»ƒn nhÃ¢n viÃªn thuáº­n thiá»‡n bá»¯a mÃ³n ngon PhÃ¹ há»£p vÆ¡i giÃ¡ tiá»n PhÃ²ng hÆ¡i nhá»,1
477,BÆ°a cháº¥t Vá»‹ trÃ­ Ä‘i bÃ£i táº¯m máº·t bÃ£i cÄƒng biá»ƒn cáº¥m táº¯m ko cá»©u há»™,0
478,View Ä‘áº¹p nhÃ¢n viÃªn nhiá»‡t tÃ¬nh thÃ¢n thiá»‡n ,1
479,ThÃ­ch view sáº¡n nhÃ¢n viÃªn thÃ¢n thiá»‡n nhiá»‡t tÃ¬nh Wifi hÆ¡i yáº¿u,0
480,View Ä‘áº¹p sáº¡ch nhÃ¢n viÃªn thÃ¢n thiá»‡n nhiá»‡t tÃ¬nh Bá»¯a cáº£i thiá»‡n mÃ³n Ä‘a dáº¡ng hÆ¡n,1
481,Bá»¯a ngon View Ä‘áº¹p cáº¡nh hÃ ng háº£i sáº£n Sáº½ Jazz ÄÃ  Náºµng Muá»‘n phÃ²ng tranh bá»“n táº¯m ,1
482,View Ä‘áº¹p HÃ nh lang sáº¡ch mÃ¹i áº©m má»‘c,0
483,NhÃ¢n viÃªn nhiá»‡t tÃ¬nh chu Ä‘Ã¡o thÃ¢n thiá»‡n PhÃ²ng bá»‘ trÃ­ Ä‘áº¹p gian Ä‘áº¹p Ban nháº¡c tuyá»‡t vá»i ,1
484,NhÃ¢n viÃªn phá»¥c vá»¥ Ã¢n lá»‹ch KhÃ´ng gian thoÃ¡ng Ä‘Ã£n view Ä‘áº¹p,1
485,PhÃ²ng 2 cá»­a sá»• ngáº¯m ÄÃ  Náºµng thang mÃ¡y cháº¡y á»•n sáº¡n Ä‘i quÃ¡n ngon Äi Ä‘á»£t bÃ£o Ä‘Ãªm cÃºp Ä‘iá»‡n hÆ¡i buá»“n ,1
486,Hai nhÃ¢n viÃªn lá»… tÃ¢n nhÃ¢n viÃªn nhiá»‡t tÃ¬nh nhÃ¢n viÃªn Hai nhÃ¢n viÃªn lá»… tÃ¢n nhÃ¢n viÃªn nhiá»‡t tÃ¬nh nhÃ¢n viÃªn VÃ²i nÃ³ng láº¯p ngÆ°á»£c cáº£nh bÃ¡o ,-1
487,GiÆ°á»ng rá»™ng thoáº£i mÃ¡i PhÃ²ng tiá»‡n nghi Gáº§n biá»ƒn cáº§u sÃ´ng HÃ n PhÃ²ng rá»™ng láº¯m toilet rá»™ng sáº¡ch sinh hoáº¡t CÃ³ thang mÃ¡y Ga giÆ°á»ng gá»‘i cáº£i thiá»‡n ,1
488,NhÃ¢n viÃªn thÃ¢n thiá»‡n nhiá»‡t tÃ¬nh GiÃ¡ phÃ²ng há»£p lÃ½ Tiá»‡n Ä‘i biá»ƒn trung tÃ¢m NhÃ  vá»‡ sinh mÃ¹i Cá»­a vá»‡ sinh kÃ­n káº½ há»Ÿ ,0
489,Gáº§n biá»ƒn trung tÃ¢m MÃ¬nh thuÃª xe mÃ¡y sáº¡n Ä‘i 2 NhÃ¢n viÃªn nhiá»‡t tÃ¬nh PhÃ²ng sáº¡ch tiá»‡n nghi Láº§n ÄÃ  Náºµng thuÃª tiáº¿p ,1
490,KhÃ´ng gian thoáº£i mÃ¡i ráº» giÃ¡ Bá»c má»n cÅ© thay Ä‘i thÃ´i,0
491,Sáº¡ch thoáº£i mÃ¡i tiá»‡n nghi KhÄƒn máº·t váº£i thÃ´ cá»©ng ,0
492,YÃªn tá»‰nh sáº¡ch giÃ¡ há»£p lÃ½,1
493,Cá»­a phÃ²ng kÃªu á»“n phÃ²ng cáº¡nh,-1
494,NhÃ¢n viÃªn thÃ¢n thiá»‡n KhÃ¡ch sáº¡n trung tÃ¢m PhÃ²ng view Drap giÆ°á»ng váº¿t á»‘ vÃ ng Ä‘á» ,0
495,Äá»‹a tuyá»‡t vá»i bÃ£i biá»ƒn sÃ´ng HÃ n NhÃ¢n viÃªn nhiá»‡t tÃ¬nh máº¿n ChÄƒn ga váº¿t á»‘ vÃ ng,0
496,GiÆ°á»ng thoáº£i mÃ¡i thÃ¡i Ä‘á»™ nhÃ¢n viÃªn thÃ¢n thiá»‡n biá»ƒn phÃ²ng rá»™ng ,1
497,Sáº¡ch Nhiá»‡t tÃ¬nh GiÃ¡ ráº» PhÃ²ng hÆ¡i NhÆ°ng cáº·p Ä‘Ã´i phÃ¹ há»£p,1
498,PhÃ²ng sáº¡ch tiá»‡n nghi giÆ°á»ng ngá»§ thoáº£i mÃ¡i Ráº¥t tiá»n PhÃ²ng Ã¢m á»“n thang mÃ¡y ,1
499,giÃ¡ xá»©ng Ä‘á»‹a nv nhiá»‡t tÃ¬nh tiá»‡n Ä‘Æ°á»ng Ä‘i biá»ƒn tp Ä‘á»“ Ä‘áº¡c hÆ¡i cáº¥p,1
500,PhÃ²ng sáº¡ch tiá»‡n nghi Náº±m biá»ƒn trung tÃ¢m 5 p ,1
501,NÆ¡i tuyá»‡t gian gÅ©i thiÃªn nhiÃªn phÃ²ng rá»™ng rÃ£i ná»™i tháº¥t phÃ²ng tiá»ƒu tiáº¿t sáº¡n chÄƒm chÃºt kÄ© giÃ¡ há»£p lÃ½ MÃ¬nh ,1
502,NhÃ¢n viÃªn tuyá»‡t vá»i Hotel Ä‘áº¹p Bá»¯a hÃ ng ngon tÆ°Æ¡i Vá»‹ trÃ­,1
503,View phÃ²ng thÆ°Æ¡ng PhÃ²ng áº¥m cÃºng NhÃ¢n viÃªn thÃ¢n thiá»‡n hÆ¡n,0
504,Bá»¯a phá»¥c vá»¥ muá»™n 7 h check out ká»‹p chuyáº¿n bay phá»¥c vá»¥,0
505,Phá»ng nghá»‰ tiá»‡n nghi thoáº£i mÃ¡i rá»™ng rÃ£i sáº¡ch Äá»“ ngon hÆ¡i no mÃ¬ quáº£ng bÃºn bÃ² bÃ¡nh sá»«ng bÃ² ,1
506,Ä‚n buffet gá»i quÃ¡n uá»‘ng giá»›i háº¡n ko dc gá»i tháº¥t vá»ng gá»i dc nv suáº¥t a ks nt nÃ y,-1
507,LÃ  sáº¡n tuyá»‡t náº¡p nÄƒng chuyáº¿n thÄƒm quan bá»¯a ngon nhÃ¢n viÃªn thÃ¢n thiá»‡n máº¿n cháº¯n Ä‘i du lá»‹ch ÄÃ  Náºµng,1
508,Gáº§n chá»£ Cá»“n dÃ ng di sÃ´ng HÃ n Bá»¯a Ä‘Æ¡n Ä‘iá»‡u Ä‘á»“ phÃ²ng táº¯m cháº¥t truyá»n hÃ¬nh kÃ©m tiá»‡n nghi phÃ²ng hiá»‡n Ä‘áº¡i,-1
509,NhÃ¢n viÃªn lá»… tÃ¢n ko chuyÃªn nghiá»‡p thÃ¡i Ä‘á»™ phá»¥c vá»¥ kÃ©m MÃ¬nh Ä‘i gia Ä‘Ã¬nh 2 phÃ²ng liá»n gá»­i booking 2 gá»i Ä‘iá»‡n kiá»ƒm tra lá»… tÃ¢n bÃ¡o OK NgÃ y check in bÃ¡o ko xáº¿p Ä‘c 2 phÃ²ng liá»n phÃ²ng há»ng gia Ä‘Ã¬nh 2 phÃ²ng xáº¿p 1 phÃ²ng táº§ng 3 1 phÃ²ng táº§ng 5 Em gÃ¡i phÃ²ng táº§ng 3 1 thay Ä‘á»“ nam cá»­a phÃ²ng Ä‘i lá»… tÃ¢n bÃ¡o check out Ä‘i cá»­a Ä‘i kiá»ƒm tra phÃ²ng NhÃ¢n viÃªn lá»… tÃ¢n ko 1 lá»—i gÄ‘ BÃ¡o dá»n phÃ²ng ko há» dá»n á» ks cáº£m giÃ¡c ko há» an toÃ n kiá»ƒu ng xÃ´ng phÃ²ng Ä‘c Cáº£m giÃ¡c tá»‡ nghá»‰ ráº» tiá»n ná»¯a,-1
510,NhÃ¢n viÃªn thÃ¢n thiá»‡n nhiá»‡t tÃ¬nh Fo nam hÃ ng Äá»‹a trung tÃ¢m tiá»‡n Ä‘i Bá»¯a ngon buffet tuyá»‡t vá»i Dá»n phÃ²ng hÃ ng sáº¡ch CÃ³ dá»‹ch vá»¥ thuÃª xe mÃ¡y 120 k xe cháº¡y báº£o vá»‡ nhiá»‡t tÃ¬nh CÃ³ 1 ko hÃ i nhÃ¢n viÃªn FO ná»¯ ngang nhiÃªn gáº·m bÃ¡nh mÃ¬ nhai w Cáº£m thá»±c sock Ä‘á»‘i w dá»‹ch vá»¥ of 1 sáº¡n 3 ,1
511,Bá»¯a lá»±a NhÃ¢n viÃªn nhiá»‡t tÃ¬nh KhÃ¡ch lÆ°u trÃº GiÆ°á»ng thoáº£i mÃ¡i nhiÃªn xuyÃªn vá»‡ sinh quáº¡t phÃ²ng KhÃ¡ch sáº¡n náº±m ngÃ£ tÆ° xe 4 chá»— trá»Ÿ Ä‘á»— Ä‘áº§u ,0
512,Ä‚n tuyá»‡t vá»i PhÃ¹ hop kháº©u vi Gáº§n chá»£ Cá»“n khu uá»‘ng Ä‘Æ°á»ng Báº¡ch Äáº±ng ThuÃª xe mÃ¡y giÃ¡ ráº» Tiá»‡n lá»£i di vui NhÃ  vá»‡ sinh mÃ¹i cÃ³ng bá»‘c ,1
513,Ksan dvu thuÃª xe mÃ¡y trung tÃ¢m tp vc Ä‘i cá»±c kÃ¬ thuáº­n tiá»‡n Nvien ksan nhiá»‡t tÃ¬nh Ksan buffet cá»±c á»•n Trong phÃ²ng nghá»‰ tiáº¿ng á»¥c bá»“n vsinh wc,1
514,NhÃ¢n viÃªn nhiá»‡t tÃ¬nh lá»‹ch giÃ¡ ok PhÃ²ng sáº¡ch Ä‘áº¹p uá»‘ng Ä‘á»“ váº·t phÃ²ng ráº» Vá»‹ trÃ­ trung tÃ¢m tiá»‡n lá»£i máº·t sáº¡n náº±m Ä‘Æ°á»ng LÃª Duáº©n mua sáº¯m Ä‚n buffe hÆ¡i lá»±a TÃ´i Ä‘á»•i 3 Ä‘Ãªm 2 Ä‘Ãªm sáº¡n phÃ­ 30 Ä‘Ãªm 3 booking com hÃ ng cancel Ä‘á»•i 4 phÃ­ ,1
515,Bá»¯a ngon NhÃ¢n viÃªn nhiá»‡t tÃ¬nh CÃ³ mÃ¹i hÃ´i áº©m sáº¡n,0
516,Ä‚n ngon nhÃ¢n viÃªn thÃ¢n thiá»‡n,1
517,bá»¯a ngon nhÃ¢n viÃªn phá»¥c vá»¥ thÃ¢n thiá»‡n nhÃ¢n viÃªn lá»… tÃ¢n hÆ¡i há»i há»£t,0
518, Lá»… tÃ¢n nhiá»‡t tÃ¬nh HÆ¡i bÃ­ trung tÃ¢m thá»ƒ cháº¥p Dá»n phÃ²ng xuyÃªn,1
519,PhÃ²ng sáº¡ch vi tri phu hop khach khu vÆ°c trung tÃ¢m GiÃ¡ giÃ¡ 30 usd PhÃ²ng táº¯m kÃ­nh ngÄƒn cháº¯n báº¥t tiá»‡n tÄƒm ÄÃ¨n tráº§n toilet bá»‘ trÃ­ thiáº¿t chiáº¿u Ãnh gÆ°Æ¡ng soi máº·t tá»‘i ,0
520, NhÃ¢n viÃªn nhiá»‡t tÃ¬nh Chi phÃ­ há»£p lÃ½ sáº¡n chá»£ Cá»“n siÃªu thá»‹ trung tÃ¢m thÆ°Æ¡ng máº¡i cáº§u sÃ´ng HÃ n thá»ƒ Ä‘i Gia Ä‘Ã¬nh thá»ƒ sáº¡n mua chÃ¡o táº­n phÃ²ng YÃªn tÃ¢m ngon nhÃ ,1
521,NhÃ¢n viÃªn táº­n tÃ¬nh thÃ¢n thiá»‡n CÃ³ hÃ nh lÃ½ phÃ²ng PhÃ²ng Ã¢m kÃ©m tiáº¿ng á»“n hÃ nh lang ,0
522,Ná»™i tháº¥t tÆ°Æ¡ng Ä‘á»‘i phÃ²ng lá»‹ch sáº¡ch NhÃ¢n viÃªn thÃ¢n thiá»‡n ,1
523,Tá»‘t mong Ä‘á»£i Ä‘á»‘i ks 3 phÃ²ng booking com tiá»‡n lá»£i chÃ³ng an toÃ n,1
524,Gáº§n biá»ƒn Nv Äá»‡m náº±m Ä‘au lÆ°ng Gá»‘i PhÃ²ng táº¯m hÆ¡i háº¹p,0
525,PhÃ²ng Ä‘áº¹p sáº¡ch nhÃ¢n viÃªn nhiá»‡t tÃ¬nh giÃ¡ há»£p lÃ½ Bá»¯a ngon láº¯m,1
526,PhÃ²ng táº¯m sáº¡ch phÃ²ng thiáº¿t káº¿ Ä‘áº¹p Sá»¯a táº¯m dáº§u gá»™i tá»‘t,0
527,NhÃ¢n viÃªn nhiá»‡t tÃ¬nh thÃ¢n thiá»‡n Ä‚n nghÃ¨o nÃ n náº¥u Ä‘Ã´i hÆ¡i á»“n xung quanh xÃ¢y dá»±ng tÆ°Æ¡ng Ä‘á»‘i biá»ƒn ,-1
528,Bá»¯a dá»‹ch vá»¥ nhÃ¢n viÃªn PhÃ²ng gym tiá»‡n nghi PhÃ²ng ngá»§ báº©n chá»— ,-1
529,NhÃ¢n viÃªn thÆ°Æ¡ng nhiá»‡t tÃ¬nh biá»ƒn tiá»‡n lá»£i Ä‘i chá»§ nhiá»‡t tÃ¬nh PhÃ²ng á»‘c sáº¡ch tiá»‡n nghi CÃ¡ch Ã¢m Ko kiáº¿n li ti Ä‘á»‘t,0
530,KhÃ¡ch sáº¡n biá»ƒn phÃ²ng á»‘c rá»™ng rÃ£i sáº¡ch giÃ¡ há»£p lÃ½ Chá»‹ chá»§ sáº¡n nhÃ¢n viÃªn lá»… tÃ¢n thÆ°Æ¡ng nhiá»‡t tÃ¬nh cáº£m giÃ¡c thÃ¢n máº­t Sáº½ sáº¡n dá»‹p ÄÃ  Náºµng ,1
531,Tá»‘t PhÃ²ng sáº¡ch biá»ƒn GiÃ¡ há»£p lÃ½ CÃ´ chá»§ thÃ¢n thiá»‡n ,1
532,PhÃ²ng á»‘c sáº¡ch gá»n gÃ ng NhÃ¢n viÃªn thÃ¢n thiá»‡n thÆ°Æ¡ng giÃ¡ tiá»n Trong phÃ²ng muá»—i ,1
533,KhÃ¡ch sáº¡n biá»ƒn giÃ¡ há»£p lÃ½,1
534,PhÃ²ng sáº¡ch nhÃ¢n viÃªn nhiá»‡t tÃ¬nh Xung quanh hÃ ng uá»‘ng,0
535,Tiá»‡n nghi há»£p lÃ½ giÃ¡ tiá»n NhÃ¢n viÃªn thÃ¢n thiá»‡n nhiá»‡t tÃ¬nh,1
536,Ks sáº¡ch biá»ƒn Ä‘i tiá»‡n táº¥t thÃ¢n thiá»‡n hiáº¿u Äáº¿n ÄÃ  Náºµng Ä‘á»‹nh book phÃ²ng Ä‘Ã¢y,1
537,Bá»©a Ä‘a dáº¡ng sÃ¢n thÆ°á»£ng Ä‘áº¹p há»£p lÃ½ bÆ¡i Cáº§n giáº£i hÃ ng khoáº£n toÃ¡n tháº» ghi ná»£ quá»‘c táº¿ ,1
538,Khach san sach phÃ²ng lÃ³t sÃ n gá»— áº¥m cÃºng Bá»¯a mÃ³n Viá»‡t phong phÃº Ä‘á»‘i chÃ¢u Ã¢u kháº©u vá»‹ láº¯m Top roof quáº§y bar há»“ bÆ¡i thoÃ¡ng mÃ¡t xinh thÆ° giÃ£n yÃªn tÄ©nh thá»ƒ biá»ƒn thÃ nh phá»‘ Náº¿u táº¯m biá»ƒn Ä‘i 5 7 phÃºt bÃ£i táº¯m NhÃ¢n viÃªn táº¥t thÃ¢n thiá»‡n nhiá»‡t tÃ¬nh phÃ²ng dá»n khÄƒn táº¯m thay KhÃ¡ch sáº¡n hÆ¡i thÃ nh phá»‘ bÃ£i táº¯m 5 7 phut Ä‘i Tuy nhiÃªn yen tÄ©nh sáº¡ch sáº½,1
539,giÆ°á»ng náº±m tuyá»‡t phá»¥c vá»¥ má»±c,0
540,ThÃ¡i Ä‘á»™ nhÃ¢n viÃªn k sáº¡n Ä‘Ã²i kh giÃ¡ booking k giáº£i thik Äá»‹a trung tÃ¢m,-1
541,PhÃ²ng ngá»§ yÃªn tÄ©nh Thá»±c Ä‘Æ¡n bá»¯a phong phÃº NhÃ¢n viÃªn nhiá»‡t tÃ¬nh HÆ¡i bÃ£i biá»ƒn,1
542,Bá»¯a ngon nhÃ¢n viÃªn nhiá»‡t tÃ¬nh thÃ¢n thiá»‡n phÃ²ng á»‘c Ä‘áº¹p ,1
543,PhÃ²ng sáº¡ch view Ä‘áº¹p nhÃ¢n viÃªn nhiá»‡t tÃ¬nh bá»¯a ko ko láº¯m bá»ƒ bÆ¡i bar táº§ng Ä‘Æ¡n giáº£n hÆ¡i cÅ© ,1
544,Bá»¯a Ä‘á»“ phong phÃº láº¯m,0
545,bá»¯a ngon nhÃ¢n viÃªn vui váº» táº­n tÃ¬nh Ä‘áº·c bÃ© Ly chu Ä‘Ã¡o táº­n tÃ¬nh Ä‘á»“ hÆ¡i it mÃ³n phÃ²ng táº¯m nhá»,0
546,Gia Ä‘Ã¬nh 4 vs 1 bÃ© 8 chÄƒm sÃ³c nhiá»‡t tÃ¬nh KhÃ¡ch sáº¡n gia Ä‘Ã¬nh thÃ¢n thiá»‡n thÃ nh viÃªn gia Ä‘Ã¬nh nhÃ¢n tá»‘ ká»³ nghá»‰ tuyá»‡t vá»i ÄÃ  Náºµng Dá»‹ch vá»¥ thuÃª xe Ä‘i Há»™i An du lá»‹ch giÃ¡ sá»©c Náº¿u kiáº¿m nghá»‰ lÃ½ tÆ°á»Ÿng phÃ²ng Ä‘áº¹p nhÃ¢n viÃªn thÃ¢n thiá»‡n nhiá»‡t tÃ¬nh Charming ÄÃ  Náºµng Em Huy Quang Linh Ngá»c Anh chÃ¡u Shin Má»i tuyá»‡t vá»i ,1
547,Chá»— nghá»‰ sáº¡ch thoÃ¡ng mÃ¡t tiá»‡n lá»£i máº·t bÃ£i biá»ƒn Ä‘áº¹p Dá»‹ch vá»¥ xe giÃ¡ há»£p lÃ­ Chá»§ sáº¡n nhiá»‡t tÃ¬nh thÃ¢n thiá»‡n ,1
548,chá»§ KS tÃ i xáº¿ thÃ¢n thiá»‡n nhiá»‡t tÃ¬nh nhÃ¢n viÃªn gÅ©i chá»• biá»ƒn tiá»‡n di KS tÆ° váº¥n nhiá»‡t tÃ¬nh Chá»§ KS tÆ° váº§n nha ,1
549,Cáº£m thá»±c thoáº£i mÃ¡i m Ä‘i Quáº£ng an thuÃª xe sáº¡n muá»™n Ä‘c vÃ´ ÄÃ  Náºµng cháº¯n m ghÃ© Charming nhÃ¢n viÃªn nhiá»‡t tÃ¬nh sáº¡n sáº¡ch sáº½,1
550,vá»‹ trÃ­ gian cÃ´ng táº¯c Ä‘iá»‡n thiáº¿t káº¿ trá»±c quang Ä‘iá»‡n thoáº¡i thuáº­n lá»£i spa bar cÃ´ng ty 3 thuÃª trá»±c sáº¡n,-1
551,Äá»“ ná»™i tháº¥t Ä‘áº¹p tinh xáº£o Ä‘á»‹a biá»ƒn NhÃ¢n viÃªn cá»©ng nháº¯c check check out ÄÃ¢y phÃ²ng sáº¿p sáº¿p complain sáº¡n ,0
552,Chá»— bÃ£i biá»ƒn Ä‘áº¹p Ks Ä‘ay 2 Ä‘Ã¹ng happy Trong booking cá»­a sá»• hÆ°á»›ng biá»ƒn khu dÃ¢n cÆ°,0
553,Ná»™i tháº¥t phong phá»¥c vá»¥ á»•n Bá»ƒ bÆ¡i Ä‘áº¹p bÃ y trÃ­ gian xung quanh bá»ƒ tiá»‡n nghi cáº£m giÃ¡c thÆ° thÃ¡i KhÃ´ng gian hÆ¡i cháº­t chá»™i Bá»ƒ bÆ¡i Ä‘áº¹p nghá»‰ dá»‹p xÃ¢y sá»­a áº£nh hÆ°á»Ÿng lá»›n,1
554,Bá»¯a ngon nhÃ¢n viÃªn phá»¥c vá»¥ ks chu Ä‘Ã¡o thÃ¢n thiá»‡n PhÃ²ng tiá»‡n nghi sáº¡ch ná»™i tháº¥t tá»‘t,1
555,Biá»ƒn Ä‘áº¹p Vá»‹ trÃ­ ks Ä‘áº¹p Há»“ bÆ¡i xÃºi PhÃ²ng cháº­t chá»™i ,0
556,PhÃ²ng sáº¡n thiÃªt káº¿ trá»ng yÃªn tÄ©nh thuáº­n lá»£i giao thÃ´ng Ä‘i tham quan Xe mÃ¡y thuÃª cÅ© nÃ¡t rooftop bar spa hoáº¡t Ä‘á»™ng ,0
557,NhÃ¢n viÃªn lá»… tÃ¢n thÃ¢n thiá»‡n nhiá»‡t tÃ¬nh xuyÃªn bá»n chá»— ngon P tá»™i quÃªn Spa ksan massage nhiÃªn sáº¥y tÃ³c kiá»ƒu láº¯m v PhÃ²ng hÆ¡i Gá»‘i ngá»§ thoáº£i mÃ¡i láº¯m PhÃ²ng 4 ng 2 Ã¡o choÃ ng táº¯m,-1
558,PhÃ³ng View sÃ´ng HÃ n tuyá»‡t Ä‘áº¹p tá»‘i ,0
559,CÃ¡ch phá»¥c vá»¥ PhÃ²ng sáº¡ch Ä‘áº¹p PhÃ²ng Ã¢m láº¯m ,1
560,Láº¡ Ä‘á»™c Ä‘Ã¡o receiption nam thÃ¢n thiá»‡n nhiá»‡t tÃ¬nh Bá»¯a ngon Ráº¥t biá»ƒn PhÃ²ng á»• cáº¯m Ä‘Ã¨n Ä‘á»c sÃ¡ch trá»i mÆ°a restroom báº¥t tiá»‡n khÄƒn táº¯m ,1
561,MÃ¬nh phÃ²ng xong tháº¥t vá»ng phÃ²ng cáº£m rá»‡t mÃ¹i áº©m má»‘c phÃ²ng Ä‘iá»‡n ko á»•n Ä‘á»‹nh phÃ²ng ko tiá»‡n nghi giÃ¡ MÃ¬nh 1 ko Ä‘á»‹nh ,-1
562,Cáº£nh quan Ä‘áº¹p biá»ƒn 3 phÃºt Ä‘i sáº¡n cung Ä‘á»“ thiáº¿t yáº¿u thuÃª xe mÃ¡y di dÃ ng MÃ¬nh chá»— tráº» chá»¥p hÃ¬nh sÃ¢n vÆ°á»n rá»™ng rÃ£i mÃ¡t máº» NhÃ¢n viÃªn sáº¡n nhiá»‡t tÃ¬nh MÃ¬nh book phÃ²ng 2 chÃºt cá»‘ phÃ²ng Tuy nhiÃªn nhÃ¢n viÃªn sáº¡n thÃ´ng bÃ¡o chá»§ Ä‘á»™ng hÃ i chuyáº¿n Ä‘i Äáº·c biá»‡t hostel 2 thÃº cÆ°ng Dim Sum Sushi cáº£m giÃ¡c thÃ¢n thiá»‡n Cáº£m Æ¡n PACKO nhÃ¢n viÃªn PACKO bá»‘ trÃ­ tiá»‡n nghi vá»‡ sinh vÃ²i sen bÃ¬nh nÃ³ng láº¡nh Bá»‘ trÃ­ bÃ n gháº¿ sÃ¢n vÆ°á»n ,1
563,Bá»¯a ngon Ä‘á»‹a cá»±c ká»³ há»£p lÃ½ thiáº¿t káº¿ láº¡ biá»ƒn Ä‘i 2 phÃºt Gáº§n cáº§u rá»“ng KhÃ´ng gian cá»±c ká»³ thoáº£i mÃ¡i GiÃ¡ tiá»n ráº» biá»ƒn Nhiá»u cá» muá»—i khung giÆ°á»ng sáº¯t tiáº¿ng Ä‘á»™ng náº±m ,1
564,NhÃ¢n viÃªn nhiá»‡t tÃ¬nh tiá»‡n Ã­ch Ä‘c gá»‘i khÄƒn táº¯m chÄƒn Ä‘c Ä‘Ã¡p á»©ng Drap giÆ°á»ng báº©n toilet sáº¡ch cháº£y yáº¿u háº§u nÃ³ng wifi yáº¿u mÃ¡y láº¡nh cháº£y phÃ²ng 2 khÄƒn táº¯m KhÃ´ng chá»— treo quáº§n Ã¡o mÃ³c treo tÆ°á»ng nhá»,-1
565,KhÃ´ng gian tuyá»‡t concept Ä‘á»™c láº¡ hÆ¡i tiáº¿c phÃ²ng container táº§ng view tuyá»‡t PhÃ²ng sáº¡ch nhiÃªn hÆ¡i á»• cáº¯m Ä‘iá»‡n P 1 á»• cáº¯m Hostel chÃ³ yÃªu kinh khá»§ng phÃ²ng náº±m ngá»§ Ä‘Ãªm hÃ²a mÃ¡t Toilet phÃ²ng táº¯m cháº¥p mÃ¹i MÃ¬nh Ä‘Ã²i hoÃ n háº£o budget á»•n Location biá»ƒn Ä‘i 2 tiá»‡n x Äá»“ bÃ¬nh NÃ³i giÃ¡ 140 k ng phÃ²ng 4 kiá»‡n váº­t cháº¥t giáº£i trÃ­ Packo á»•n Toilet sáº¡ch 1 chÃºt RÃ¨m cá»­a phÃ²ng táº¯m dÃ­nh hÆ¡i cÃ¡t T T ga giÆ°á»ng hÆ¡i sáº¡n ná»¯a,1
566,MÃ¬nh Ä‘á»“ Nv kÃªu gá»£i thÄƒm ÄÃ  NÄƒng k ngÆ¡ ngÆ¡ kiá»ƒu thá» K hÆ°á»›ng bá»¯a wifi GiÆ°á»ng dorm trá»Ÿ kÃªu cá»t káº¹t cáº£m giÃ¡c thá»Ÿ phÃ¡t tiáº¿ng Ä‘á»™ng áº£nh hÆ°á»Ÿng Bá»¯a nghÃ¨o nÃ n chÃ¡n bÃ¡nh mÃ¬ 2 má»©t trá»©ng trá»©ng k hÆ°á»›ng ChÃ¡n NhÆ°ng thuÃª xe mÃ¡y tiá»‡n Ä‘i biá»ƒn GiÆ°á»ng bá»¯a sÃ¡ng,-1
567,CÃ¡c nhÃ¢n viÃªn thÃ¢n thiá»‡n Ä‘i gáº¥p ká»‹p nhÃ¢n viÃªn gÃ³i 2 lÃ¡t bÃ¡nh mÃ¬ hÃ nh Ä‘á»™ng siÃªu thÆ°Æ¡ng thÃ¢n thiá»‡n dá»‹p Cháº¯c cháº¯n luÃ´n,1
568,á» Packo bÃ n bi da vui giáº¿t sÃ¢n bay Má»™t cÃ  phÃª thÆ¡m ngon NÆ¡i biá»ƒn 30 40 m Ä‘i biá»ƒn bÃ¬nh minh táº¯m biá»ƒn biá»ƒn áº¥m ,1
569,KhÃ´ng gian hostel Ä‘áº¹p phÃ²ng sáº¡ch GiÃ¡ há»£p lÃ½ giá»›i thiá»‡u ng quen MÃ¬nh phÃ²ng B3 phÃ²ng sáº¡ch nhiÃªn Ã¢m nÄƒng chiáº¿u tháº³ng phÃ²ng hÆ¡i rÃ¨m che toÃ n cá»­a ,1
570,TrÃ£i nghiá»‡m láº¡ phÃ²ng ngá»§ container CÃ³ gian sÃ¢n vÆ°á»n thoÃ¡ng Ä‘Ã£ng gá»§i thiÃªn nhiÃªn ThÃ­ch há»£p thá»ƒ mua háº£i sáº£n náº¥u nÆ°á»›ng NhÃ¢n viÃªn thÃ¢n thiá»‡n PhÃ²ng táº¯m chá»— mÃ¡ng quáº§n Ã¡o chá»— mÃ¡ng khÄƒn KhÃ¡ch sáº¡n biá»ƒn khu vá»±c táº¯m rá»¯a chÃ¢n phÃ²ng Lavabo ngháº¹t rÃºt cháº­m KhÃ´ng tivi phÃ²ng Náº¿u lá»‹ch tráº­t báº¥t lá»‹ch á»“n ngá»§,0
571,Chá»— Ä‘áº¹p thuáº­n lá»£i thoáº£i mÃ¡i dáº¡o biá»ƒn NÆ¡i tiá»‡n lá»£i di du lá»‹ch ÄÃ  Náºµng Bá»¯a phá»¥c vá»¥ hÆ¡i trá»ƒ ,0
572,Chá»— thÃº vá»‹ phÃ²ng Ä‘áº¹p nhÃ¢n viÃªn thoáº£i mÃ¡i nhiá»‡t tÃ¬nh Buá»•i trÆ°a hÆ¡i nÃ³ng CÃ³ láº½ lá»£p 1 lá»›p mÃ¡i cá» mÃ¡i tranh dÃ£y Ä‘á»¡ hÆ¡n,0
573,Khung cáº£nh hostel Ä‘áº¹p Ä‘á»™c Ä‘Ã¡o khuÃ¢n viÃªn bÃ£i cá» xanh mÃ¡t máº» NhÃ¢n viÃªn nhiá»‡t tÃ¬nh thÃ¢n thiá»‡n YÃªu nhÃ¢n viÃªn Golden Äiá»ƒm Sáº¥m cá»±c ká»³ yÃªu Ks bÃ£i biá»ƒn khu vui giáº£i trÃ­ Ráº¥t thuáº­n tiá»‡n Ä‘i NÃªn thay ga giÆ°á»ng xuyÃªn ,1
574, c hÃ³ thÃ¢n thiá»‡n sáºµn sÃ ng phi phÃ²ng ngá»§ Ã­ yÃªu nhÃ¢n viÃªn thÃ¢n thiá»‡n vÃ´ tÆ° thoáº£i mÃ¡i toÃ n tráº» Packo trÃ n ngáº­p nÄƒng chá»§ kute thÆ°Æ¡ng phÃ²ng ngá»§ sáº¡ch táº¯m sáº¡ch mÃ¹i hÃ´i bá»• sung trÃ² giáº£i trÃ­ trá»i bÃ£o Packo hÆ¡i buá»“n khu dá»‹ch vá»¥ bar thá»ƒ kháº©u thá»ƒ giÃ¡ thÃ nh phÃ²ng nghá»‰ ,1
575,PhÃ²ng áº¥m cÃºng nhÃ¢n viÃªn thÃ¢n thiá»‡n Ná»‡m Ãªm láº¯m,0
576,KhÃ´ng gian sinh hoáº¡t rá»™ng K tiá»‡n nghi MÃ³c treo Ä‘á»“ dÃ©p k tv tá»§ láº¡nh k,0
577,NguyÃªn liá»‡u bá»¯a chuáº©n chu báº¿p KhÃ´ng gian Ä‘áº¹p thÃ¢n thiá»‡n ,1
578,CÃ³ 2 chÃ³ thÆ°Æ¡ng KhÃ´ng vá»‡ sinh phÃ²ng phÃ²ng ko rá»™ng áº£nh GiÃ¡ phÃ²ng Ä‘áº¯t ,-1
579,Ráº¥t biá»ƒn náº±m trung tÃ¢m tiá»‡n Ä‘Æ°á»ng di Äiá»u hÃ²a á»“n ngá»§ ,0
580,Bá»¯a Ä‘a dáº¡ng gian thoáº£i mÃ¡i káº¿t vui KhÃ´ng gÃ¬,1
581,NhÃ¢n viÃªn thÃ¢n thiá»‡n nhiá»‡t tÃ¬nh thÆ°Æ¡ng Con chÃ³ kute Sáº¡ch gá»n gÃ ng phong ,1
582,Ráº¥t bÃ£i biá»ƒn Má»¹ KhÃª PhÃ²ng sáº¡ch nhÃ¢n viÃªn cá»±c thÃ¢n thiá»‡n 1 chÃ³ xinh HÆ¡i muá»—i mÃ¹a mÆ°a PhÃ²ng hÆ¡i á»• cáº¯m Ä‘iá»‡n,1
583, Phong hoÃ i cá»• trang trÃ­ phÃ²ng Ä‘áº¹p Sáº¡ch Quanh sáº¡n cÃ´ng trÃ¬nh xÃ¢y háº§u view biá»ƒn á»“n,0
584,Bá»¯a ngon NhÃ¢n viÃªn thÃ¢n thiá»‡n Thoáº£i mÃ¡i,1
585,Bá»¯a ngon PhÃ²ng Ã¡nh tráº¯ng trang ,0
586,TÃ´i ko gian bÃ y trÃ­ cung phá»¥c vá»¥ nháº¹ nhÃ ng nháº¹ nhÃ¢n viÃªn Chu kiá»‡n chá»Ÿ Chu,1
587,Lá»… tÃ¢n táº¡m á»•n NhÃ¢n vien báº£o vá»‡ nhiá»‡t tÃ¬nh thÆ°Æ¡ng ThÃ­ch cÃ¡c báº£o vá»‡ xáº¿p xe hÆ°á»›ng Ä‘i 3 PhÃ²ng hÃ¬nh hÆ°á»›ng Ä‘áº¹p Má»i táº¡m á»•n ,0
588,Äiá»ƒm cá»™ng PhÃ²ng sáº¡ch nhÃ¢n viÃªn báº£o vá»‡ thÃ¢n thiá»‡n MÃ¬nh phÃ²ng deluxe double hÆ°á»›ng biá»ƒn nhiÃªn nhÃ¢n viÃªn bÃ¡o phÃ²ng 2 giÆ°á»ng 1 r hsau phÃ²ng Bá»¯a sáº¡n 1 mÃ³n 1 phiáº¿u r nhÃ¢n viÃªn bÃª 1 bÃ¡t mÃ¬ quáº£ng Hsau ko ks NhÃ¢n viÃªn dá»n phÃ²ng hÃ ng ko sáº¡ch Tuy nhiÃªn máº·t giÃ¡ khu vá»±c sáº¡n phÃ²ng Ä‘áº¹p ,-1
589, Dá»n phÃ²ng sáº¡ch KhÃ¡ch sáº¡n máº·t Ä‘Æ°á»ng Ä‘i dÃ ng NhÃ¢n viÃªn phá»¥c vá»¥ 1 Äáº·t phÃ²ng booking phÃ²ng 2 giÆ°á»ng Ä‘Æ¡n XÃ¡c sáº¡n email phÃ²ng 2 giÆ°á»ng Ä‘Æ¡n Äáº¿n phÃ²ng phÃ²ng giÆ°á»ng Ä‘Ã´i Khi lá»… tÃ¢n Ä‘Ã´ng phÃ²ng cháº¥p lÃ½ phÃ²ng 2 tuáº§n xÃ¡c email Ä‘Ã ng hoÃ ng nhÃ¢n viÃªn Ä‘á»•i phÃ²ng 2 giÆ°á»ng Ä‘Æ¡n NhÆ° phÃ²ng 2 CÃ³ nhÃ¢n viÃªn lá»… tÃ¢n thÃ¢n thiá»‡n láº¯m 3 Khi phÃ²ng nhÃ¢n viÃªn kiá»ƒm tra phÃ²ng phÃ²ng dá»n dáº¹p ná»‘t Ä‘á»“ Ä‘áº¡c cáº¯m sáº¡c Ä‘iá»‡n thoáº¡i NhÃ¢n viÃªn xá»™c kiá»ƒm tra kiá»ƒm tra rÃºt phá»±t dÃ¢y sáº¡c quáº³ng Ä‘iá»‡n thoáº¡i bÃ n ,0
590,Chá»— tÆ°Æ¡ng Ä‘á»‘i sáº¡ch bÃ£i biá»ƒn KhÃ¡ch sáº¡n náº±m A La Carte Hotel thá»ƒ táº£n táº§ng 23 uá»‘ng cafe view ÄÃ  Náºµng Ä‘áº¹p PhÃ²ng hÆ¡i NgoÃ i nhÃ¢n viÃªn tÆ° váº¥n Ä‘á»‹a uá»‘ng sáº¡n tÆ° váº¥n quan ,1
591,Cháº¥t sáº¡n tÆ°Æ¡ng á»©ng giÃ¡ tiá»n Náº¿u chá»— ngá»§ Ä‘Ãªm di Há»™i An há»£p Chá»‰ 5 phÃºt Ä‘i thá»ƒ bÃ£i biá»ƒn NhÃ¢n viÃªn thÃ¢n thiá»‡n nhiá»‡t tÃ¬nh CÃ²n trÆ°á»ng há»£p Ä‘i váº·t book phÃ²ng kia sÃ´ng tiá»‡n KhÃ´ng ,0
592,sáº¡ch biá»ƒn lá»… tÃ¢n lá»… phÃ©p nÄƒng nháº¹ Ko cá»‘c Ä‘Ã¡nh 1 tuÃ½p ko nhÃ£n mÃ¡c cháº£ sá»¯a táº¯m dáº§u gá»™i rá»­a tá»§ quáº§n Ã¡o ko gÆ°Æ¡ng tá»§ láº¡nh hÆ¡i mÃ¹i hÃ´i phÃ²ng ko ,0
593,PhÃ²ng sáº¡ch ná»™i tháº¥t giÃ¡ há»£p lÃ½ CÃ³ phÃ²ng táº­p thá»ƒ 3 giÆ°á»ng Ä‘Ã´i há»£p gia Ä‘Ã¬nh Ä‘Ã´ng PhÃ²ng 2 hÆ¡i nhá»,1
594,NhÃ¢n viÃªn nhiá»‡t tÃ¬nh thÃ¢n thiá»‡n Máº¥y lá»… tÃ¢n xinh xáº¯n báº£o vá»‡ thÆ°Æ¡ng GiÃ¡ Vá»‹ trÃ­ á»•n Ä‘i 5 p biá»ƒn quÃ¡n PhÃ²ng sáº¡ch nhÃ¢n viÃªn dá»n NhÃ  táº¯m sáº¡ch Bá»¯a bÃ¬nh ngon láº¯m cháº¥p ,1
595,vá»‹ trÃ­ thuáº­n tiá»‡n Ä‘i biá»ƒn báº£o vá»‡ nhÃ¢n viÃªn thÃ¢n thiá»‡n nhiá»‡t tÃ¬nh dá»‹ch vá»¥ thuÃª xe ,1
596,Gáº§n biá»ƒn KhÃ´ng kiá»ƒu phá»¥c vá»¥ Ä‚n ko Ä‘c thoáº£i mÃ¡i Láº§n Ä‘i sáº» ko nghá»‰ ,-1
597,Phá»¥c vá»¥ chu Ä‘Ã¡o PhÃ²ng táº¯m k bá»“n táº¯m,0
598,PhÃ²ng vá»‡ sinh sáº¡ch NhÃ¢n viÃªn nhiá»‡t tÃ¬nh PhÃ²ng hÆ¡i bÃ­ ,0
599,PhÃ²ng sáº¡ch ná»™i tháº¥t CÃ³ phÃ²ng Ä‘Ã´ng ngÆ°á»i,1
